volume,volume_weighted_avg,open_price,close_price,high_price,low_price,time,num_transactions,ticker
100565956,80.2818,80.6575,80.075,81.1625,79.5525,2020-02-20 05:00:00,243574,AAPL
129705660,78.6341,79.655,78.2625,80.1125,77.625,2020-02-21 05:00:00,323163,AAPL
222149312,74.8699,74.315,74.545,76.045,72.3075,2020-02-24 05:00:00,586879,AAPL
230623456,73.3055,75.2375,72.02,75.6325,71.5325,2020-02-25 05:00:00,624788,AAPL
198153724,73.2211,71.6325,73.1625,74.47,71.625,2020-02-26 05:00:00,494238,AAPL
318605524,69.9545,70.275,68.38,71.5,68.24,2020-02-27 05:00:00,811075,AAPL
426884920,66.7569,64.315,68.34,69.6025,64.0925,2020-02-28 05:00:00,1118286,AAPL
341329356,72.1688,70.57,74.7025,75.36,69.43,2020-03-02 05:00:00,850990,AAPL
319474208,73.6107,75.9175,72.33,76.0,71.45,2020-03-03 05:00:00,841732,AAPL
219178272,74.5584,74.11,75.685,75.85,73.2825,2020-03-04 05:00:00,506987,AAPL
187572876,73.8242,73.88,73.23,74.8875,72.8525,2020-03-05 05:00:00,433274,AAPL
226176984,71.4465,70.5,72.2575,72.705,70.3075,2020-03-06 05:00:00,551657,AAPL
286744832,67.8998,65.9375,66.5425,69.5225,65.75,2020-03-09 04:00:00,733182,AAPL
285290080,69.4642,69.285,71.335,71.61,67.3425,2020-03-10 04:00:00,696310,AAPL
256379880,69.1036,69.3475,68.8575,70.305,67.965,2020-03-11 04:00:00,587138,AAPL
418474068,63.8272,63.985,62.0575,67.5,62.0,2020-03-12 04:00:00,1085533,AAPL
368732128,65.7384,66.2225,69.4925,69.98,63.2375,2020-03-13 04:00:00,938015,AAPL
322423460,62.6169,60.4875,60.5525,64.77,60.0,2020-03-16 04:00:00,826388,AAPL
323855860,62.4835,61.8775,63.215,64.4025,59.6,2020-03-17 04:00:00,825893,AAPL
300233624,60.792,59.9425,61.6675,62.5,59.28,2020-03-18 04:00:00,757704,AAPL
271857020,61.9001,61.8463,61.195,63.21,60.6525,2020-03-19 04:00:00,662842,AAPL
401693384,60.2126,61.795,57.31,62.9575,57.0,2020-03-20 04:00:00,862652,AAPL
336752832,55.3518,57.02,56.0925,57.1249,53.1525,2020-03-23 04:00:00,838611,AAPL
287531092,60.3309,59.09,61.72,61.9225,58.575,2020-03-24 04:00:00,692491,AAPL
303602040,62.931,62.6875,61.38,64.5625,61.075,2020-03-25 04:00:00,755720,AAPL
252560596,63.194,61.63,64.61,64.67,61.59,2020-03-26 04:00:00,584615,AAPL
204216612,62.7031,63.1875,61.935,63.9675,61.7625,2020-03-27 04:00:00,490477,AAPL
167976440,63.1713,62.685,63.7025,63.88,62.35,2020-03-30 04:00:00,371745,AAPL
197002004,64.1079,63.9,63.5725,65.6225,63.0,2020-03-31 04:00:00,405381,AAPL
176046552,60.9782,61.625,60.2275,62.18,59.7825,2020-04-01 04:00:00,460605,AAPL
165933972,60.3945,60.085,61.2325,61.2875,59.225,2020-04-02 04:00:00,380294,AAPL
129880068,60.4515,60.7,60.3525,61.425,59.7435,2020-04-03 04:00:00,293699,AAPL
201820284,64.0392,62.725,65.6175,65.7775,62.345,2020-04-06 04:00:00,486681,AAPL
202887324,66.1413,67.7,64.8575,67.925,64.75,2020-04-07 04:00:00,467375,AAPL
168895284,66.1893,65.685,66.5175,66.8425,65.3075,2020-04-08 04:00:00,391246,AAPL
162116492,66.8074,67.175,66.9975,67.5175,66.175,2020-04-09 04:00:00,415870,AAPL
131022924,67.3614,67.0775,68.3125,68.425,66.4575,2020-04-13 04:00:00,343829,AAPL
194994688,71.2864,70.0,71.7625,72.0625,69.5125,2020-04-14 04:00:00,476983,AAPL
131154564,70.9263,70.6,71.1075,71.5825,70.1575,2020-04-15 04:00:00,312185,AAPL
157125160,71.4464,71.845,71.6725,72.0494,70.5875,2020-04-16 04:00:00,377056,AAPL
215249912,70.404,71.1725,70.7,71.7363,69.215,2020-04-17 04:00:00,571192,AAPL
130015000,69.753,69.4875,69.2325,70.42,69.2125,2020-04-20 04:00:00,357160,AAPL
180991572,67.4343,69.07,67.0925,69.3125,66.3575,2020-04-21 04:00:00,530768,AAPL
117055368,68.7543,68.4025,69.025,69.475,68.05,2020-04-22 04:00:00,287131,AAPL
124801712,69.4705,68.9675,68.7575,70.4375,68.7175,2020-04-23 04:00:00,318296,AAPL
126508732,70.0964,69.3,70.7425,70.7525,69.25,2020-04-24 04:00:00,306176,AAPL
117087572,70.5883,70.45,70.7925,71.135,69.9875,2020-04-27 04:00:00,300771,AAPL
112004748,70.406,71.27,69.645,71.4575,69.55,2020-04-28 04:00:00,285384,AAPL
137280816,71.8512,71.1825,71.9325,72.4175,70.9725,2020-04-29 04:00:00,324890,AAPL
183063872,72.9189,72.49,73.45,73.6325,72.0875,2020-04-30 04:00:00,471129,AAPL
240616692,73.1481,71.5625,72.2675,74.75,71.4625,2020-05-01 04:00:00,558318,AAPL
133446864,72.6385,72.2925,73.29,73.4225,71.5793,2020-05-04 04:00:00,320744,AAPL
147751180,74.6384,73.765,74.39,75.25,73.615,2020-05-05 04:00:00,361220,AAPL
142333256,75.4385,75.115,75.1575,75.81,74.7175,2020-05-06 04:00:00,327327,AAPL
115215056,75.9291,75.805,75.935,76.2925,75.4925,2020-05-07 04:00:00,273196,AAPL
134047940,76.9476,76.41,77.5325,77.5875,76.0725,2020-05-08 04:00:00,318777,AAPL
145945400,78.2535,77.025,78.7525,79.2625,76.81,2020-05-11 04:00:00,336670,AAPL
162100936,79.0703,79.4575,77.8525,79.922,77.7275,2020-05-12 04:00:00,372891,AAPL
200622556,77.2421,78.0375,76.9125,78.9875,75.8025,2020-05-13 04:00:00,489388,AAPL
158600728,76.401,76.1275,77.385,77.4475,75.3825,2020-05-14 04:00:00,370233,AAPL
165283688,76.2066,75.0875,76.9275,76.975,75.0525,2020-05-15 04:00:00,385764,AAPL
135369872,78.524,78.2925,78.74,79.125,77.581,2020-05-18 04:00:00,315508,AAPL
101729540,79.087,78.7575,78.285,79.63,78.2525,2020-05-19 04:00:00,253423,AAPL
111504860,79.6228,79.17,79.8075,79.88,79.05,2020-05-20 04:00:00,263855,AAPL
102688844,79.5353,79.665,79.2125,80.2225,78.9675,2020-05-21 04:00:00,250904,AAPL
81803016,79.3895,78.9425,79.7225,79.8075,78.8375,2020-05-22 04:00:00,205849,AAPL
125519176,79.8905,80.875,79.1825,81.06,79.125,2020-05-26 04:00:00,309826,AAPL
112941436,79.0398,79.035,79.5275,79.6775,78.2725,2020-05-27 04:00:00,279261,AAPL
133795408,80.0894,79.1925,79.5625,80.86,78.9075,2020-05-28 04:00:00,320359,AAPL
153598128,79.6771,79.8125,79.485,80.2875,79.1175,2020-05-29 04:00:00,307848,AAPL
81000752,80.2125,79.4375,80.4625,80.5875,79.3025,2020-06-01 04:00:00,231707,AAPL
87642632,80.3801,80.1863,80.835,80.86,79.7325,2020-06-02 04:00:00,226248,AAPL
104490584,81.084,81.165,81.28,81.55,80.575,2020-06-03 04:00:00,258867,AAPL
87560364,80.8328,81.0975,80.58,81.405,80.195,2020-06-04 04:00:00,237171,AAPL
137248048,82.2786,80.8375,82.875,82.9375,80.8075,2020-06-05 04:00:00,351615,AAPL
95650900,82.7662,82.5625,83.365,83.4,81.83,2020-06-08 04:00:00,261203,AAPL
147712228,85.3634,83.035,85.9975,86.4025,83.0025,2020-06-09 04:00:00,402768,AAPL
166646980,87.8736,86.975,88.21,88.6925,86.5225,2020-06-10 04:00:00,449782,AAPL
201659684,85.7741,87.3275,83.975,87.765,83.87,2020-06-11 04:00:00,577299,AAPL
200145124,85.0132,86.18,84.7,86.95,83.5558,2020-06-12 04:00:00,514308,AAPL
138808720,84.8782,83.3125,85.7475,86.42,83.145,2020-06-15 04:00:00,368615,AAPL
165428728,87.7181,87.865,88.02,88.3,86.18,2020-06-16 04:00:00,446656,AAPL
114388504,88.4283,88.7875,87.8975,88.85,87.7725,2020-06-17 04:00:00,321829,AAPL
96820384,87.8912,87.8525,87.9325,88.3625,87.305,2020-06-18 04:00:00,274412,AAPL
264475808,87.6158,88.6588,87.43,89.14,86.2875,2020-06-19 04:00:00,521900,AAPL
135445064,89.1444,87.835,89.7175,89.865,87.7875,2020-06-22 04:00:00,365763,AAPL
212155476,91.9246,91.0,91.6325,93.095,90.5675,2020-06-23 04:00:00,540691,AAPL
192623396,90.5741,91.25,90.015,92.1975,89.63,2020-06-24 04:00:00,520696,AAPL
137522512,90.4714,90.175,91.21,91.25,89.3925,2020-06-25 04:00:00,364768,AAPL
205256844,89.3208,91.1025,88.4075,91.33,88.255,2020-06-26 04:00:00,478043,AAPL
130646076,89.6679,88.3125,90.445,90.5434,87.82,2020-06-29 04:00:00,345350,AAPL
140217996,90.9687,90.02,91.2,91.495,90.0,2020-06-30 04:00:00,332668,AAPL
110737236,91.4261,91.28,91.0275,91.84,90.9775,2020-07-01 04:00:00,317158,AAPL
114041468,91.761,91.9625,91.0275,92.6175,90.91,2020-07-02 04:00:00,304461,AAPL
118655652,93.3518,92.5,93.4625,93.945,92.4675,2020-07-06 04:00:00,335176,AAPL
112419852,93.9268,93.8525,93.1725,94.655,93.0575,2020-07-07 04:00:00,312176,AAPL
117091880,94.885,94.18,95.3425,95.375,94.09,2020-07-08 04:00:00,328566,AAPL
125632928,95.6154,96.2625,95.6825,96.3175,94.6725,2020-07-09 04:00:00,381750,AAPL
90257320,95.4535,95.335,95.92,95.98,94.7052,2020-07-10 04:00:00,278154,AAPL
191649140,97.9313,97.265,95.4775,99.955,95.2575,2020-07-13 04:00:00,582519,AAPL
170984564,95.8252,94.84,97.0575,97.255,93.8775,2020-07-14 04:00:00,475794,AAPL
153175132,97.7985,98.99,97.725,99.2475,96.49,2020-07-15 04:00:00,437741,AAPL
110572372,96.468,96.5625,96.5225,97.405,95.905,2020-07-16 04:00:00,345189,AAPL
92164500,96.4832,96.9875,96.3275,97.1475,95.84,2020-07-17 04:00:00,257101,AAPL
90317908,97.4448,96.4163,98.3575,98.5,96.0625,2020-07-20 04:00:00,281653,AAPL
103644436,97.8163,99.1725,97.0,99.25,96.7425,2020-07-21 04:00:00,328226,AAPL
88994732,97.1692,96.6925,97.2725,97.975,96.6025,2020-07-22 04:00:00,255648,AAPL
197003632,94.0126,96.9984,92.845,97.0775,92.0098,2020-07-23 04:00:00,685256,AAPL
185433708,91.6042,90.9875,92.615,92.97,89.145,2020-07-24 04:00:00,563053,AAPL
121199392,94.3839,93.71,94.81,94.905,93.48,2020-07-27 04:00:00,342422,AAPL
103581500,93.8305,94.3675,93.2525,94.5497,93.2475,2020-07-28 04:00:00,277120,AAPL
90329256,94.5805,93.75,95.04,95.23,93.7125,2020-07-29 04:00:00,260932,AAPL
158116020,96.4895,94.1875,96.19,96.2975,93.7675,2020-07-30 04:00:00,516222,AAPL
374295468,103.4718,102.8838,106.26,106.415,100.825,2020-07-31 04:00:00,1145107,AAPL
308150416,109.658,108.2,108.9375,111.6364,107.8925,2020-08-03 04:00:00,979838,AAPL
172688068,109.6574,109.1325,109.665,110.79,108.3875,2020-08-04 04:00:00,527331,AAPL
121991952,109.6622,109.3775,110.0625,110.3925,108.8975,2020-08-05 04:00:00,387414,AAPL
202411900,112.4859,110.405,113.9025,114.4125,109.7975,2020-08-06 04:00:00,585117,AAPL
198019812,111.9905,113.205,111.1125,113.675,110.2925,2020-08-07 04:00:00,648627,AAPL
212402024,112.3171,112.6,112.7275,113.775,110.0,2020-08-10 04:00:00,642375,AAPL
187902376,111.0004,111.9688,109.375,112.4825,109.1067,2020-08-11 04:00:00,625323,AAPL
165942820,112.2537,110.4975,113.01,113.275,110.2975,2020-08-12 04:00:00,515437,AAPL
210082064,114.9724,114.43,115.01,116.0425,113.9275,2020-08-13 04:00:00,633333,AAPL
165423808,114.1782,114.8288,114.9075,115.0,113.045,2020-08-14 04:00:00,538654,AAPL
119561044,114.8375,116.0625,114.6075,116.0875,113.9625,2020-08-17 04:00:00,435125,AAPL
105633540,115.2166,114.3525,115.5625,116.0,114.0075,2020-08-18 04:00:00,388889,AAPL
145538008,116.4218,115.9833,115.7075,117.1625,115.61,2020-08-19 04:00:00,499399,AAPL
126871188,117.3864,115.75,118.275,118.392,115.7334,2020-08-20 04:00:00,472757,AAPL
337454640,122.6605,119.2625,124.37,124.868,119.25,2020-08-21 04:00:00,1092109,AAPL
345905768,126.3212,128.6975,125.8575,128.785,123.9363,2020-08-24 04:00:00,1287610,AAPL
211234408,124.1912,124.6975,124.825,125.1793,123.0525,2020-08-25 04:00:00,761144,AAPL
162473268,126.0815,126.1791,126.5225,126.9925,125.0825,2020-08-26 04:00:00,627481,AAPL
155516384,125.6908,127.1425,125.01,127.485,123.8325,2020-08-27 04:00:00,679923,AAPL
187529916,125.3296,126.0125,124.8075,126.4425,124.5775,2020-08-28 04:00:00,690493,AAPL
225631664,128.9302,127.58,129.04,131.0,126.0,2020-08-31 04:00:00,2753245,AAPL
152050116,132.8458,132.76,134.18,134.8,130.53,2020-09-01 04:00:00,1494243,AAPL
200117202,131.6134,137.59,131.4,137.98,127.0,2020-09-02 04:00:00,1841705,AAPL
257589206,123.526,126.91,120.88,128.84,120.5,2020-09-03 04:00:00,2360712,AAPL
332549990,117.9436,120.07,120.96,123.7,110.89,2020-09-04 04:00:00,2966979,AAPL
231349531,115.3956,113.95,112.82,118.99,112.68,2020-09-08 04:00:00,2003625,AAPL
176833475,117.4152,117.26,117.32,119.14,115.26,2020-09-09 04:00:00,1308828,AAPL
182274291,116.0457,120.36,113.49,120.5,112.5,2020-09-10 04:00:00,1444575,AAPL
180846525,112.0421,114.57,112.0,115.23,110.0,2020-09-11 04:00:00,1405577,AAPL
140112337,114.5795,114.72,115.355,115.93,112.8,2020-09-14 04:00:00,1013512,AAPL
183786539,116.4171,118.33,115.54,118.829,113.61,2020-09-15 04:00:00,1290594,AAPL
154719375,113.639,115.23,112.13,116.0,112.04,2020-09-16 04:00:00,1186032,AAPL
177056468,110.1388,109.72,110.34,112.2,108.71,2020-09-17 04:00:00,1363245,AAPL
287076882,107.7831,110.4,106.84,110.88,106.09,2020-09-18 04:00:00,1650704,AAPL
195547704,106.9383,104.54,110.08,110.19,103.1,2020-09-21 04:00:00,1362739,AAPL
183053939,110.9711,112.68,111.81,112.86,109.16,2020-09-22 04:00:00,1128760,AAPL
150718671,109.1458,111.62,107.12,112.11,106.77,2020-09-23 04:00:00,1007065,AAPL
167743149,108.5536,105.17,108.22,110.25,105.0,2020-09-24 04:00:00,981871,AAPL
149981441,110.654,108.43,112.28,112.44,107.67,2020-09-25 04:00:00,882580,AAPL
137668917,114.0428,115.01,114.96,115.32,112.78,2020-09-28 04:00:00,866145,AAPL
100060326,114.2186,114.55,114.09,115.31,113.57,2020-09-29 04:00:00,607009,AAPL
142675133,115.9431,113.79,115.81,117.26,113.62,2020-09-30 04:00:00,808528,AAPL
115886840,116.5914,117.64,116.79,117.72,115.83,2020-10-01 04:00:00,673252,AAPL
144707196,113.8678,112.89,113.02,115.37,112.22,2020-10-02 04:00:00,963891,AAPL
105793839,115.4597,113.91,116.5,116.65,113.55,2020-10-05 04:00:00,613097,AAPL
161498212,114.4362,115.7,113.16,116.12,112.25,2020-10-06 04:00:00,1030507,AAPL
96848985,114.9212,114.62,115.08,115.55,114.13,2020-10-07 04:00:00,577788,AAPL
83477028,115.2658,116.25,114.97,116.4,114.5901,2020-10-08 04:00:00,520894,AAPL
100506865,116.2428,115.28,116.97,117.0,114.92,2020-10-09 04:00:00,635346,AAPL
239983770,123.0438,120.06,124.4,125.18,119.2845,2020-10-12 04:00:00,1409210,AAPL
262330451,122.4262,125.27,121.1,125.39,119.65,2020-10-13 04:00:00,1723602,AAPL
151057198,121.3042,121.0,121.19,123.03,119.62,2020-10-14 04:00:00,872447,AAPL
112382719,120.0797,118.72,120.71,121.2,118.15,2020-10-15 04:00:00,669233,AAPL
115328808,120.1349,121.28,119.02,121.548,118.81,2020-10-16 04:00:00,653703,AAPL
120639037,118.086,119.96,115.98,120.419,115.66,2020-10-19 04:00:00,773095,AAPL
124423228,117.4342,116.2,117.51,118.98,115.63,2020-10-20 04:00:00,687186,AAPL
89945980,117.4843,116.67,116.87,118.705,116.45,2020-10-21 04:00:00,525410,AAPL
101987951,115.9703,117.45,115.75,118.04,114.59,2020-10-22 04:00:00,650707,AAPL
82304645,114.9857,116.39,115.04,116.55,114.28,2020-10-23 04:00:00,576736,AAPL
111849857,114.6132,114.01,115.05,116.55,112.88,2020-10-26 04:00:00,731746,AAPL
92168772,116.3162,115.49,116.6,117.28,114.5399,2020-10-27 04:00:00,554028,AAPL
143937823,112.727,115.05,111.2,115.43,111.1,2020-10-28 04:00:00,969847,AAPL
146124673,114.5124,112.37,115.32,116.93,112.2,2020-10-29 04:00:00,1025460,AAPL
190547476,109.1006,111.06,108.86,111.99,107.72,2020-10-30 04:00:00,1493887,AAPL
122712099,108.6262,109.11,108.77,110.68,107.32,2020-11-02 05:00:00,865470,AAPL
107414082,110.4493,109.66,110.44,111.49,108.73,2020-11-03 05:00:00,640197,AAPL
138217782,114.6156,114.14,114.95,115.59,112.35,2020-11-04 05:00:00,846477,AAPL
126261074,118.4798,117.95,119.03,119.62,116.8686,2020-11-05 05:00:00,762125,AAPL
113892922,118.086,118.32,118.69,119.2,116.13,2020-11-06 05:00:00,646271,AAPL
154497315,119.5403,120.5,116.32,121.99,116.05,2020-11-09 05:00:00,997670,AAPL
135838990,116.3117,115.55,115.97,117.59,114.13,2020-11-10 05:00:00,820541,AAPL
112294954,118.5071,117.19,119.49,119.63,116.44,2020-11-11 05:00:00,621697,AAPL
103350674,119.4878,119.62,119.21,120.53,118.57,2020-11-12 05:00:00,613387,AAPL
81688586,118.8133,119.44,119.26,119.6717,117.87,2020-11-13 05:00:00,506252,AAPL
91179618,120.0986,118.92,120.3,120.99,118.146,2020-11-16 05:00:00,593377,AAPL
74270973,119.8848,119.55,119.39,120.6741,118.96,2020-11-17 05:00:00,494155,AAPL
74755911,118.9237,118.61,118.03,119.82,118.0,2020-11-18 05:00:00,495971,AAPL
73687972,118.032,117.59,118.64,119.06,116.81,2020-11-19 05:00:00,492499,AAPL
73534287,117.9871,118.64,117.34,118.77,117.29,2020-11-20 05:00:00,460975,AAPL
127932918,114.9681,117.18,113.85,117.6202,113.75,2020-11-23 05:00:00,1020038,AAPL
113874218,114.527,113.91,115.17,115.85,112.59,2020-11-24 05:00:00,809378,AAPL
76499234,116.0926,115.55,116.03,116.75,115.17,2020-11-25 05:00:00,497668,AAPL
46691331,116.8509,116.57,116.59,117.49,116.22,2020-11-27 05:00:00,328643,AAPL
169391476,119.1583,116.97,119.05,120.97,116.81,2020-11-30 05:00:00,911469,AAPL
128166803,122.448,121.01,122.72,123.4693,120.01,2020-12-01 05:00:00,816060,AAPL
89004195,122.5716,122.02,123.08,123.37,120.89,2020-12-02 05:00:00,527794,AAPL
78944630,122.9675,123.52,122.94,123.78,122.21,2020-12-03 05:00:00,473228,AAPL
76401421,122.0795,122.6,122.25,122.8608,121.52,2020-12-04 05:00:00,459162,AAPL
86711490,123.8382,122.31,123.75,124.57,122.25,2020-12-07 05:00:00,517945,AAPL
82139512,124.1914,124.37,124.38,124.98,123.09,2020-12-08 05:00:00,504720,AAPL
115005193,123.2586,124.53,121.78,125.95,121.0,2020-12-09 05:00:00,737741,AAPL
81295670,122.8994,120.5,123.24,123.87,120.15,2020-12-10 05:00:00,512167,AAPL
86561586,121.7229,122.43,122.41,122.76,120.55,2020-12-11 05:00:00,541967,AAPL
79055188,122.4325,122.6,121.78,123.35,121.54,2020-12-14 05:00:00,451068,AAPL
157572262,126.5535,124.34,127.88,127.9,124.13,2020-12-15 05:00:00,867462,AAPL
95913591,127.5459,127.41,127.81,128.37,126.56,2020-12-16 05:00:00,550012,AAPL
94359811,128.6643,128.9,128.7,129.58,128.045,2020-12-17 05:00:00,491620,AAPL
191108396,127.0953,128.96,126.655,129.1,126.12,2020-12-18 05:00:00,662921,AAPL
121250643,126.3341,125.02,128.23,128.31,123.449,2020-12-21 05:00:00,746686,AAPL
169351825,132.2514,131.61,131.88,134.405,129.65,2020-12-22 05:00:00,1132116,AAPL
88223692,131.5993,132.16,130.96,132.43,130.78,2020-12-23 05:00:00,557220,AAPL
54930064,132.3339,131.32,131.97,133.46,131.1,2020-12-24 05:00:00,365718,AAPL
124486237,135.8414,133.99,136.69,137.34,133.51,2020-12-28 05:00:00,782397,AAPL
121047324,136.3766,138.05,134.87,138.789,134.3409,2020-12-29 05:00:00,797011,AAPL
95452124,134.3227,135.58,133.72,135.99,133.4,2020-12-30 05:00:00,630840,AAPL
99089086,132.8801,134.08,132.69,134.74,131.72,2020-12-31 05:00:00,652165,AAPL
143285672,129.7326,133.52,129.41,133.6116,126.76,2021-01-04 05:00:00,1310217,AAPL
97664898,130.7179,128.89,131.01,131.74,128.43,2021-01-05 05:00:00,707577,AAPL
155087970,128.3502,127.72,126.6,131.0499,126.382,2021-01-06 05:00:00,1202574,AAPL
109578157,130.1539,128.36,130.92,131.63,127.86,2021-01-07 05:00:00,718357,AAPL
105158245,131.5657,132.43,132.05,132.63,130.23,2021-01-08 05:00:00,800069,AAPL
100617160,129.3232,129.19,128.98,130.17,128.5,2021-01-11 05:00:00,775027,AAPL
91851145,128.4834,128.5,128.8,129.69,126.86,2021-01-12 05:00:00,692719,AAPL
88636831,130.5588,128.76,130.89,131.45,128.49,2021-01-13 05:00:00,596230,AAPL
89671755,129.7381,130.8,128.91,131.0,128.76,2021-01-14 05:00:00,651392,AAPL
111196831,128.264,128.78,127.14,130.2242,127.0,2021-01-15 05:00:00,713312,AAPL
90750329,127.6974,127.78,127.83,128.71,126.938,2021-01-19 05:00:00,599768,AAPL
104134039,131.4664,128.66,132.03,132.49,128.55,2021-01-20 05:00:00,668571,AAPL
120256319,135.8584,133.8,136.87,139.67,133.59,2021-01-21 05:00:00,834998,AAPL
114234010,137.8544,136.28,139.07,139.85,135.02,2021-01-22 05:00:00,744041,AAPL
157588183,142.6255,143.07,142.92,145.09,136.54,2021-01-25 05:00:00,1226813,AAPL
98390205,142.8442,143.6,143.16,144.3,141.37,2021-01-26 05:00:00,743285,AAPL
140613944,142.3522,143.43,142.06,144.3,140.41,2021-01-27 05:00:00,1155710,AAPL
142508399,139.1841,139.52,137.09,141.99,136.7,2021-01-28 05:00:00,1239461,AAPL
177506312,132.7372,135.83,131.96,136.74,130.21,2021-01-29 05:00:00,1695154,AAPL
106239823,133.7923,133.75,134.14,135.38,130.93,2021-02-01 05:00:00,924206,AAPL
83259967,135.2222,135.73,134.99,136.31,134.61,2021-02-02 05:00:00,689676,AAPL
85880937,134.6595,135.76,133.94,135.77,133.61,2021-02-03 05:00:00,699067,AAPL
84141061,136.1869,136.3,137.39,137.4,134.59,2021-02-04 05:00:00,658076,AAPL
75303830,136.6507,137.35,136.76,137.42,135.86,2021-02-05 05:00:00,616037,AAPL
71297214,136.2094,136.03,136.91,136.96,134.92,2021-02-08 05:00:00,614469,AAPL
76774213,136.7346,136.62,136.01,137.877,135.85,2021-02-09 05:00:00,536824,AAPL
72546563,135.4825,136.48,135.39,136.99,134.4,2021-02-10 05:00:00,605205,AAPL
64280029,134.86430000000001,135.9,135.13,136.39,133.77,2021-02-11 05:00:00,547785,AAPL
60136930,134.5208,134.35,135.37,135.53,133.6921,2021-02-12 05:00:00,481804,AAPL
80576316,133.86430000000001,135.49,133.19,136.01,132.79,2021-02-16 05:00:00,741080,AAPL
97991849,130.5913,131.25,130.84,132.22,129.47,2021-02-17 05:00:00,971318,AAPL
96156748,128.8633,129.2,129.71,129.995,127.41,2021-02-18 05:00:00,859568,AAPL
87340834,129.766,130.24,129.87,130.71,128.8,2021-02-19 05:00:00,683754,AAPL
103295419,127.0448,128.01,126.0,129.72,125.6,2021-02-22 05:00:00,969980,AAPL
158252662,123.3074,123.76,125.86,126.71,118.39,2021-02-23 05:00:00,1547442,AAPL
110789904,124.4278,124.94,125.35,125.56,122.23,2021-02-24 05:00:00,965716,AAPL
148199540,122.6039,124.68,120.99,126.4585,120.54,2021-02-25 05:00:00,1365697,AAPL
164559569,122.9199,122.59,121.26,124.85,121.2,2021-02-26 05:00:00,1289339,AAPL
116307892,126.0528,123.75,127.79,127.93,122.79,2021-03-01 05:00:00,924487,AAPL
102260945,126.1136,128.41,125.12,128.72,125.01,2021-03-02 05:00:00,831904,AAPL
112966340,123.378,124.81,122.06,125.71,121.84,2021-03-03 05:00:00,992159,AAPL
178049975,120.805,121.75,120.13,123.6,118.62,2021-03-04 05:00:00,1689127,AAPL
153592201,119.7787,120.98,121.42,121.935,117.57,2021-03-05 05:00:00,1472273,AAPL
154376610,117.9393,120.93,116.36,121.0,116.21,2021-03-08 05:00:00,1540729,AAPL
129272780,120.6902,119.03,121.085,122.06,118.79,2021-03-09 05:00:00,1009102,AAPL
111886327,120.3297,121.69,119.98,122.17,119.45,2021-03-10 05:00:00,1031831,AAPL
102991014,122.0659,122.54,121.96,123.21,121.26,2021-03-11 05:00:00,790211,AAPL
87955050,120.2455,120.4,121.03,121.17,119.16,2021-03-12 05:00:00,762384,AAPL
92568955,122.9775,121.41,123.99,124.0,120.42,2021-03-15 04:00:00,711876,AAPL
115226936,125.9513,125.7,125.57,127.22,124.715,2021-03-16 04:00:00,835613,AAPL
111632636,123.7795,124.05,124.76,125.8599,122.336,2021-03-17 04:00:00,896781,AAPL
121367255,121.6504,122.88,120.53,123.18,120.32,2021-03-18 04:00:00,970641,AAPL
184668022,120.2005,119.9,119.99,121.43,119.675,2021-03-19 04:00:00,881988,AAPL
111816184,122.8192,120.33,123.39,123.87,120.26,2021-03-22 04:00:00,723652,AAPL
95051142,122.999,123.33,122.54,124.24,122.14,2021-03-23 04:00:00,641822,AAPL
88525685,121.2133,122.82,120.09,122.9,120.065,2021-03-24 04:00:00,653239,AAPL
98809281,120.244,119.54,120.59,121.66,119.0,2021-03-25 04:00:00,807588,AAPL
94071234,120.2314,120.35,121.21,121.48,118.92,2021-03-26 04:00:00,716066,AAPL
80819203,121.4709,121.65,121.39,122.58,120.7299,2021-03-29 04:00:00,584885,AAPL
84507919,119.7036,120.11,119.9,120.4031,118.86,2021-03-30 04:00:00,667918,AAPL
118323826,122.6039,121.65,122.15,123.52,121.15,2021-03-31 04:00:00,740850,AAPL
75089134,123.1513,123.66,123.0,124.18,122.49,2021-04-01 04:00:00,526273,AAPL
88251175,125.3311,123.87,125.9,126.1601,123.07,2021-04-05 04:00:00,642630,AAPL
80171253,126.364,126.5,126.21,127.13,125.65,2021-04-06 04:00:00,564312,AAPL
83256716,127.1011,125.83,127.9,127.92,125.14,2021-04-07 04:00:00,555603,AAPL
88844591,129.7402,128.95,130.36,130.39,128.52,2021-04-08 04:00:00,639632,AAPL
106615653,131.6977,129.8,132.995,133.04,129.47,2021-04-09 04:00:00,701349,AAPL
91388983,131.5117,132.52,131.24,132.85,130.63,2021-04-12 04:00:00,612036,AAPL
90761995,133.732,132.44,134.43,134.66,131.93,2021-04-13 04:00:00,640753,AAPL
86222782,133.0216,134.94,132.03,135.0,131.655,2021-04-14 04:00:00,668827,AAPL
89347102,134.3964,133.82,134.5,135.0,133.64,2021-04-15 04:00:00,608980,AAPL
84360386,134.0367,134.3,134.16,134.67,133.28,2021-04-16 04:00:00,541233,AAPL
94264215,134.5998,133.51,134.84,135.47,133.34,2021-04-19 04:00:00,625255,AAPL
94812249,133.4438,135.02,133.11,135.53,131.81,2021-04-20 04:00:00,744673,AAPL
68826135,132.8647,132.36,133.5,133.75,131.3001,2021-04-21 04:00:00,508230,AAPL
84566456,132.7723,133.04,131.94,134.15,131.41,2021-04-22 04:00:00,615670,AAPL
78666779,134.1622,132.16,134.32,135.12,132.16,2021-04-23 04:00:00,519533,AAPL
66888509,134.5418,134.83,134.72,135.06,133.56,2021-04-26 04:00:00,484069,AAPL
66015804,134.5907,135.01,134.39,135.41,134.11,2021-04-27 04:00:00,480003,AAPL
107746597,134.6526,134.31,133.58,135.02,133.08,2021-04-28 04:00:00,783355,AAPL
151100953,134.1771,136.47,133.48,137.07,132.45,2021-04-29 04:00:00,1059387,AAPL
109425466,132.194,131.78,131.46,133.56,131.065,2021-04-30 04:00:00,701292,AAPL
75135100,132.8122,132.04,132.54,134.07,131.83,2021-05-03 04:00:00,580631,AAPL
137544918,127.9654,131.19,127.85,131.4899,126.7,2021-05-04 04:00:00,1182700,AAPL
84000900,129.2267,129.2,128.1,130.45,127.97,2021-05-05 04:00:00,659279,AAPL
78064334,128.6316,127.89,129.74,129.75,127.13,2021-05-06 04:00:00,607088,AAPL
77691273,130.4433,130.85,130.21,131.2582,129.475,2021-05-07 04:00:00,545296,AAPL
88071229,127.8422,129.41,126.85,129.54,126.81,2021-05-10 04:00:00,680681,AAPL
126142826,124.7406,123.5,125.91,126.27,122.77,2021-05-11 04:00:00,922237,AAPL
112172282,123.0599,123.4,122.77,124.64,122.25,2021-05-12 04:00:00,876763,AAPL
105850339,125.1884,124.58,124.97,126.15,124.26,2021-05-13 04:00:00,788603,AAPL
81872951,126.9616,126.25,127.45,127.89,125.85,2021-05-14 04:00:00,535527,AAPL
74216624,125.9467,126.82,126.27,126.93,125.17,2021-05-17 04:00:00,502288,AAPL
63342929,125.9763,126.56,124.85,126.99,124.78,2021-05-18 04:00:00,493538,AAPL
92593489,124.0238,123.16,124.69,124.915,122.86,2021-05-19 04:00:00,674397,AAPL
76852123,126.8581,125.23,127.31,127.72,125.1,2021-05-20 04:00:00,494796,AAPL
79295436,126.1486,127.82,125.43,128.0,125.21,2021-05-21 04:00:00,527860,AAPL
63067944,127.2698,126.01,127.1,127.94,125.94,2021-05-24 04:00:00,442120,AAPL
72009482,127.0739,127.82,126.9,128.32,126.32,2021-05-25 04:00:00,462909,AAPL
56443920,126.8655,126.955,126.85,127.39,126.42,2021-05-26 04:00:00,415320,AAPL
94625601,126.1253,126.44,125.28,127.64,125.08,2021-05-27 04:00:00,545582,AAPL
71238509,125.0642,125.57,124.61,125.8,124.55,2021-05-28 04:00:00,527853,AAPL
65562118,124.5894,125.08,124.28,125.35,123.94,2021-06-01 04:00:00,501106,AAPL
58674262,124.769,124.28,125.06,125.24,124.05,2021-06-02 04:00:00,461408,AAPL
75699170,123.7708,124.68,123.54,124.85,123.13,2021-06-03 04:00:00,562249,AAPL
75169343,125.368,124.07,125.89,126.16,123.85,2021-06-04 04:00:00,467760,AAPL
71057550,125.3691,126.17,125.9,126.32,124.8321,2021-06-07 04:00:00,504254,AAPL
74403774,127.0742,126.6,126.74,128.46,126.2101,2021-06-08 04:00:00,532078,AAPL
56695219,127.0733,127.21,127.13,127.75,126.52,2021-06-09 04:00:00,382625,AAPL
71186421,126.6607,127.02,126.11,128.19,125.94,2021-06-10 04:00:00,498371,AAPL
53522373,127.0246,126.53,127.35,127.44,126.1,2021-06-11 04:00:00,354080,AAPL
96906490,129.6322,127.82,130.48,130.54,127.07,2021-06-14 04:00:00,563595,AAPL
62725532,129.8358,129.94,129.64,130.6,129.39,2021-06-15 04:00:00,416230,AAPL
91793025,130.0001,130.37,130.15,130.89,128.461,2021-06-16 04:00:00,619028,AAPL
96721669,131.5645,129.8,131.79,132.55,129.65,2021-06-17 04:00:00,652025,AAPL
108890309,130.7868,130.71,130.46,131.51,130.24,2021-06-18 04:00:00,557039,AAPL
79269216,131.4999,130.3,132.3,132.41,129.21,2021-06-21 04:00:00,506660,AAPL
73713618,133.0905,132.13,133.98,134.08,131.62,2021-06-22 04:00:00,481082,AAPL
60214200,133.7872,133.77,133.7,134.32,133.23,2021-06-23 04:00:00,424752,AAPL
68710998,133.7663,134.45,133.41,134.64,132.93,2021-06-24 04:00:00,443492,AAPL
70783746,133.2362,133.46,133.11,133.89,132.81,2021-06-25 04:00:00,358692,AAPL
61941303,134.8066,133.41,134.78,135.245,133.35,2021-06-28 04:00:00,454433,AAPL
64291681,135.9422,134.8,136.33,136.49,134.35,2021-06-29 04:00:00,442545,AAPL
63234093,136.8187,136.17,136.96,137.41,135.87,2021-06-30 04:00:00,419352,AAPL
52417031,136.6708,136.6,137.27,137.33,135.76,2021-07-01 04:00:00,388276,AAPL
78945572,139.1986,137.9,139.96,140.0,137.745,2021-07-02 04:00:00,521793,AAPL
108081776,141.7417,140.07,142.02,143.15,140.07,2021-07-06 04:00:00,733637,AAPL
104899789,144.0183,143.535,144.57,144.89,142.66,2021-07-07 04:00:00,732815,AAPL
104225458,142.5427,141.58,143.24,144.06,140.665,2021-07-08 04:00:00,772469,AAPL
99890799,144.7844,142.75,145.11,145.65,142.6522,2021-07-09 04:00:00,635911,AAPL
76276717,144.7868,146.21,144.5,146.32,144.0,2021-07-12 04:00:00,516633,AAPL
100798598,146.0546,144.03,145.64,147.46,143.63,2021-07-13 04:00:00,697061,AAPL
127014683,148.8217,148.1,149.15,149.57,147.68,2021-07-14 04:00:00,797729,AAPL
106559516,148.4417,149.24,148.48,150.0,147.09,2021-07-15 04:00:00,698332,AAPL
93219926,147.6247,148.46,146.39,149.76,145.88,2021-07-16 04:00:00,613155,AAPL
121434571,142.6131,143.75,142.45,144.07,141.67,2021-07-19 04:00:00,939624,AAPL
96324436,145.5723,143.46,146.15,147.0997,142.96,2021-07-20 04:00:00,614255,AAPL
74031460,145.3658,145.53,145.4,146.13,144.63,2021-07-21 04:00:00,473574,AAPL
77287356,146.991,145.935,146.8,148.195,145.81,2021-07-22 04:00:00,480209,AAPL
71447416,148.0368,147.55,148.56,148.7177,146.92,2021-07-23 04:00:00,457247,AAPL
72434089,149.1182,148.27,148.99,149.83,147.7,2021-07-26 04:00:00,489114,AAPL
104803028,146.8324,149.12,146.77,149.21,145.55,2021-07-27 04:00:00,785621,AAPL
118931191,144.8875,144.81,144.98,146.97,142.54,2021-07-28 04:00:00,829463,AAPL
56699475,145.8064,144.685,145.64,146.55,144.58,2021-07-29 04:00:00,416123,AAPL
70440626,145.3967,144.38,145.86,146.33,144.11,2021-07-30 04:00:00,466325,AAPL
61351461,145.8599,146.36,145.52,146.95,145.25,2021-08-02 04:00:00,458358,AAPL
63536618,146.7499,145.81,147.36,148.045,145.18,2021-08-03 04:00:00,462817,AAPL
56357771,147.0473,147.27,146.95,147.79,146.28,2021-08-04 04:00:00,402501,AAPL
46216322,147.1115,146.98,147.06,147.84,146.17,2021-08-05 04:00:00,356212,AAPL
53854313,146.2139,146.35,146.14,147.11,145.63,2021-08-06 04:00:00,374119,AAPL
48858689,146.1113,146.2,146.09,146.7,145.52,2021-08-09 04:00:00,352471,AAPL
68286400,146.1315,146.44,145.6,147.71,145.3,2021-08-10 04:00:00,431274,AAPL
48493463,146.0228,146.05,145.86,146.72,145.53,2021-08-11 04:00:00,365446,AAPL
73771613,148.0103,146.19,148.89,149.05,145.84,2021-08-12 04:00:00,514669,AAPL
59375009,148.9194,148.97,149.1,149.4444,148.27,2021-08-13 04:00:00,407900,AAPL
103558782,149.4001,148.535,151.12,151.19,146.47,2021-08-16 04:00:00,704850,AAPL
92202535,150.2473,150.23,150.19,151.68,149.09,2021-08-17 04:00:00,624238,AAPL
86285490,148.2985,149.8,146.36,150.72,146.15,2021-08-18 04:00:00,647599,AAPL
86753154,146.4409,145.03,146.7,148.0,144.5,2021-08-19 04:00:00,639427,AAPL
60249630,147.8157,147.44,148.19,148.5,146.78,2021-08-20 04:00:00,413517,AAPL
60105710,149.4893,148.31,149.71,150.19,147.89,2021-08-23 04:00:00,428947,AAPL
48605228,149.9034,149.45,149.62,150.86,149.15,2021-08-24 04:00:00,370055,AAPL
58691297,148.5982,149.81,148.36,150.32,147.8,2021-08-25 04:00:00,460865,AAPL
48597195,148.1147,148.35,147.54,149.12,147.51,2021-08-26 04:00:00,382720,AAPL
54858888,148.1201,147.48,148.6,148.75,146.83,2021-08-27 04:00:00,405190,AAPL
90756723,152.1466,149.0,153.12,153.49,148.61,2021-08-30 04:00:00,659666,AAPL
85962417,152.0192,152.66,151.83,152.8,151.29,2021-08-31 04:00:00,534512,AAPL
80207311,153.7673,152.83,152.51,154.98,152.34,2021-09-01 04:00:00,593508,AAPL
71171317,153.6101,153.87,153.65,154.72,152.4,2021-09-02 04:00:00,519974,AAPL
57866066,154.0218,153.76,154.3,154.63,153.09,2021-09-03 04:00:00,431686,AAPL
83620937,156.1841,154.97,156.69,157.26,154.39,2021-09-07 04:00:00,628035,AAPL
74396207,155.1093,156.98,155.11,157.04,153.975,2021-09-08 04:00:00,598135,AAPL
57305730,154.8505,155.49,154.07,156.11,153.95,2021-09-09 04:00:00,469366,AAPL
140829235,150.9988,155.0,148.97,155.48,148.7,2021-09-10 04:00:00,1168239,AAPL
104246371,149.6982,150.63,149.55,151.42,148.75,2021-09-13 04:00:00,760230,AAPL
112148523,148.8369,150.35,148.12,151.07,146.91,2021-09-14 04:00:00,808779,AAPL
84825078,148.0322,148.56,149.03,149.44,146.37,2021-09-15 04:00:00,635894,AAPL
67981149,148.151,148.44,148.79,148.97,147.221,2021-09-16 04:00:00,501847,AAPL
129840322,146.6992,148.82,146.06,148.82,145.76,2021-09-17 04:00:00,713537,AAPL
123462362,142.7526,143.8,142.94,144.84,141.27,2021-09-20 04:00:00,1022141,AAPL
75833962,143.74,143.93,143.43,144.6,142.78,2021-09-21 04:00:00,578041,AAPL
76404341,145.4092,144.45,145.85,146.43,143.7001,2021-09-22 04:00:00,548480,AAPL
64727170,146.6924,146.65,146.83,147.08,145.64,2021-09-23 04:00:00,472238,AAPL
53475569,146.4928,145.66,146.92,147.4701,145.56,2021-09-24 04:00:00,400154,AAPL
74150726,145.1074,145.47,145.37,145.96,143.82,2021-09-27 04:00:00,529650,AAPL
108955840,142.6723,143.25,141.91,144.75,141.69,2021-09-28 04:00:00,823805,AAPL
73592044,143.3984,142.47,142.83,144.45,142.03,2021-09-29 04:00:00,528983,AAPL
90816408,142.4016,143.66,141.5,144.378,141.28,2021-09-30 04:00:00,660868,AAPL
94606681,141.1056,141.9,142.65,142.92,139.1101,2021-10-01 04:00:00,730084,AAPL
98322008,139.2908,141.76,139.14,142.21,138.27,2021-10-04 04:00:00,828320,AAPL
80861062,140.9927,139.49,141.11,142.24,139.36,2021-10-05 04:00:00,562855,AAPL
82821118,140.3828,139.47,142.0,142.15,138.37,2021-10-06 04:00:00,610961,AAPL
61732655,143.6657,143.06,143.29,144.215,142.72,2021-10-07 04:00:00,450794,AAPL
59892052,143.1747,144.03,142.9,144.1781,142.56,2021-10-08 04:00:00,423540,AAPL
63952219,143.6675,142.27,142.81,144.81,141.81,2021-10-11 04:00:00,399220,AAPL
73035859,141.8587,143.23,141.51,143.25,141.0401,2021-10-12 04:00:00,526042,AAPL
78762121,140.3071,141.235,140.91,141.4,139.2,2021-10-13 04:00:00,600890,AAPL
69891600,143.2173,142.11,143.76,143.88,141.51,2021-10-14 04:00:00,447186,AAPL
67642684,144.3214,143.77,144.84,144.895,143.51,2021-10-15 04:00:00,429707,AAPL
85389174,145.4235,143.445,146.55,146.84,143.16,2021-10-18 04:00:00,544217,AAPL
76378894,148.329,147.01,148.76,149.17,146.55,2021-10-19 04:00:00,532883,AAPL
58418788,149.0905,148.7,149.26,149.7539,148.12,2021-10-20 04:00:00,437977,AAPL
61345990,149.0317,148.81,149.48,149.64,147.87,2021-10-21 04:00:00,418119,AAPL
58855143,149.2955,149.69,148.69,150.18,148.64,2021-10-22 04:00:00,437719,AAPL
50220555,148.5067,148.68,148.64,149.37,147.6211,2021-10-25 04:00:00,425021,AAPL
60893393,149.5911,149.33,149.32,150.84,149.0101,2021-10-26 04:00:00,459692,AAPL
56094929,149.1193,149.36,148.85,149.73,148.49,2021-10-27 04:00:00,407592,AAPL
100064388,151.5945,149.82,152.57,153.165,149.72,2021-10-28 04:00:00,749706,AAPL
124953168,148.3331,147.215,149.8,149.94,146.4128,2021-10-29 04:00:00,863685,AAPL
74588257,148.8099,148.985,148.96,149.7,147.8,2021-11-01 04:00:00,529659,AAPL
69121986,150.3583,148.66,150.02,151.57,148.65,2021-11-02 04:00:00,517391,AAPL
54511532,150.9171,150.39,151.49,151.97,149.82,2021-11-03 04:00:00,399115,AAPL
60394613,151.3974,151.58,150.96,152.43,150.64,2021-11-04 04:00:00,457989,AAPL
65163883,151.0887,151.89,151.28,152.2,150.06,2021-11-05 04:00:00,424255,AAPL
55020868,150.8187,151.41,150.44,151.57,150.16,2021-11-08 05:00:00,416754,AAPL
56787930,150.792,150.2,150.81,151.428,150.0601,2021-11-09 05:00:00,455006,AAPL
65160017,148.6034,150.02,147.92,150.13,147.85,2021-11-10 05:00:00,544210,AAPL
40699950,148.169,148.96,147.87,149.43,147.681,2021-11-11 05:00:00,338584,AAPL
63804006,149.3536,148.43,149.99,150.4,147.48,2021-11-12 05:00:00,404421,AAPL
59182803,150.2881,150.37,150.0,151.88,149.43,2021-11-15 05:00:00,422055,AAPL
59256210,150.6976,149.94,151.0,151.488,149.34,2021-11-16 05:00:00,388990,AAPL
88807000,153.5371,150.995,153.49,155.0,150.99,2021-11-17 05:00:00,625976,AAPL
137777673,156.3264,153.71,157.87,158.67,153.05,2021-11-18 05:00:00,865061,AAPL
117264897,159.5736,157.65,160.55,161.02,156.5328,2021-11-19 05:00:00,816964,AAPL
117427889,163.5891,161.68,161.02,165.7,161.0,2021-11-22 05:00:00,890334,AAPL
96022899,160.3405,161.12,161.41,161.8,159.0601,2021-11-23 05:00:00,712377,AAPL
69263623,161.1093,160.75,161.94,162.14,159.64,2021-11-24 05:00:00,505241,AAPL
76940752,157.8439,159.565,156.81,160.45,156.36,2021-11-26 05:00:00,666767,AAPL
88498217,160.1333,159.37,160.24,161.19,158.7901,2021-11-29 05:00:00,663948,AAPL
173958056,163.775,159.985,165.3,165.52,159.92,2021-11-30 05:00:00,1139625,AAPL
152303002,167.6855,167.48,164.77,170.3,164.53,2021-12-01 05:00:00,1191148,AAPL
136739174,161.8301,158.735,163.76,164.2,157.8,2021-12-02 05:00:00,1163153,AAPL
117949416,161.8243,164.02,161.84,164.96,159.72,2021-12-03 05:00:00,950980,AAPL
107496982,165.8234,164.29,165.32,167.8799,164.28,2021-12-06 05:00:00,840677,AAPL
120356951,170.5609,169.08,171.18,171.58,168.34,2021-12-07 05:00:00,834819,AAPL
116982099,174.0176,172.125,175.08,175.96,170.7,2021-12-08 05:00:00,871401,AAPL
108923738,175.277,174.91,174.56,176.75,173.92,2021-12-09 05:00:00,786129,AAPL
115402731,177.2721,175.205,179.45,179.63,174.69,2021-12-10 05:00:00,855797,AAPL
153237019,178.5988,181.115,175.74,182.13,175.53,2021-12-13 05:00:00,1148448,AAPL
139356181,174.4001,175.25,174.33,177.74,172.21,2021-12-14 05:00:00,985603,AAPL
131063257,176.0771,175.11,179.3,179.5,172.3108,2021-12-15 05:00:00,937053,AAPL
150185842,174.4138,179.28,172.26,181.14,170.75,2021-12-16 05:00:00,1202731,AAPL
194579041,171.2628,169.93,171.14,173.47,169.69,2021-12-17 05:00:00,994729,AAPL
107499114,169.2626,168.28,169.75,170.58,167.46,2021-12-20 05:00:00,816118,AAPL
91167005,171.4815,171.555,172.99,173.2,169.12,2021-12-21 05:00:00,651088,AAPL
92135303,174.3316,173.04,175.64,175.86,172.15,2021-12-22 05:00:00,643554,AAPL
68356567,176.1477,175.85,176.28,176.8499,175.27,2021-12-23 05:00:00,502547,AAPL
74901582,179.0573,177.085,180.33,180.42,177.07,2021-12-27 05:00:00,630107,AAPL
78894335,179.7048,180.16,179.29,181.33,178.53,2021-12-28 05:00:00,631766,AAPL
62348931,179.4557,179.33,179.38,180.63,178.14,2021-12-29 05:00:00,491790,AAPL
59773014,179.3744,179.47,178.2,180.57,178.09,2021-12-30 05:00:00,498664,AAPL
64062261,177.8004,178.085,177.57,179.23,177.26,2021-12-31 05:00:00,451687,AAPL
104677470,181.4156,177.83,182.01,182.88,177.71,2022-01-03 05:00:00,772691,AAPL
99110438,180.5574,182.63,179.7,182.94,179.12,2022-01-04 05:00:00,831890,AAPL
94535602,177.2884,179.61,174.92,180.17,174.64,2022-01-05 05:00:00,848513,AAPL
96882954,173.08,172.7,172.0,175.3,171.64,2022-01-06 05:00:00,960340,AAPL
86709147,172.4383,172.89,172.17,174.14,171.03,2022-01-07 05:00:00,716881,AAPL
106754551,170.2886,169.08,172.19,172.5,168.17,2022-01-10 05:00:00,956337,AAPL
76138312,173.6337,172.32,175.08,175.18,170.82,2022-01-11 05:00:00,649652,AAPL
74805173,175.8343,176.12,175.53,177.18,174.82,2022-01-12 05:00:00,642756,AAPL
84405760,173.9711,175.78,172.19,176.62,171.79,2022-01-13 05:00:00,692343,AAPL
80440778,172.3612,171.34,173.07,173.78,171.09,2022-01-14 05:00:00,672552,AAPL
91063979,170.5404,171.51,169.8,172.54,169.405,2022-01-18 05:00:00,780899,AAPL
94814990,168.2999,170.0,166.23,171.08,165.94,2022-01-19 05:00:00,824022,AAPL
91420515,167.0706,166.98,164.51,169.68,164.18,2022-01-20 05:00:00,795585,AAPL
122824858,163.8807,164.415,162.41,166.33,162.3,2022-01-21 05:00:00,1079476,AAPL
162706686,158.6897,160.02,161.62,162.3,154.7,2022-01-24 05:00:00,1632710,AAPL
115777137,159.4274,158.98,159.78,162.76,157.02,2022-01-25 05:00:00,1008306,AAPL
108275307,161.41,163.5,159.69,164.3894,157.82,2022-01-26 05:00:00,1017706,AAPL
121954638,161.2969,162.45,159.22,163.84,158.28,2022-01-27 05:00:00,1161003,AAPL
179435660,167.3083,165.71,170.33,170.35,162.8,2022-01-28 05:00:00,1518049,AAPL
115522090,173.1568,170.16,174.78,175.0,169.51,2022-01-31 05:00:00,933480,AAPL
85595911,173.7061,174.01,174.61,174.84,172.31,2022-02-01 05:00:00,735250,AAPL
84914158,174.9413,174.745,175.84,175.88,173.33,2022-02-02 05:00:00,676308,AAPL
89418074,174.3835,174.48,172.9,176.2399,172.12,2022-02-03 05:00:00,724838,AAPL
82446700,172.3165,171.68,172.39,174.1,170.68,2022-02-04 05:00:00,702966,AAPL
77251204,172.4426,172.86,171.66,173.9458,170.95,2022-02-07 05:00:00,571410,AAPL
74829217,173.8127,171.73,174.83,175.35,171.43,2022-02-08 05:00:00,634268,AAPL
71204538,175.8287,176.05,176.28,176.65,174.9,2022-02-09 05:00:00,573996,AAPL
90715899,173.5408,174.14,172.12,175.48,171.55,2022-02-10 05:00:00,761963,AAPL
98490687,170.1997,172.33,168.64,173.08,168.04,2022-02-11 05:00:00,815714,AAPL
86185530,168.3917,167.37,168.88,169.58,166.56,2022-02-14 05:00:00,757491,AAPL
64286317,171.6596,170.97,172.79,172.95,170.25,2022-02-15 05:00:00,562851,AAPL
61139697,171.6489,171.85,172.55,173.34,170.05,2022-02-16 05:00:00,543032,AAPL
69589344,170.1812,171.03,168.88,171.91,168.47,2022-02-17 05:00:00,584118,AAPL
