Date,Open,High,Low,Close,Volume,Currency
2019-07-25,0.5983,0.6148,0.586,0.6102,4753925,USD
2019-07-26,0.6103,0.7111,0.594,0.6503,8947342,USD
2019-07-27,0.6501,0.6673,0.5728,0.5788,9094853,USD
2019-07-28,0.5788,0.5992,0.5584,0.5759,11048324,USD
2019-07-29,0.577,0.5934,0.5546,0.571,11034328,USD
2019-07-30,0.5708,0.5893,0.5566,0.5667,11207379,USD
2019-07-31,0.5668,0.5777,0.5589,0.5668,11257718,USD
2019-08-01,0.5668,0.5694,0.5093,0.5602,12102903,USD
2019-08-02,0.5618,0.8824,0.5536,0.8094,27460100,USD
2019-08-03,0.8094,0.8568,0.7391,0.7438,12219423,USD
2019-08-04,0.7438,0.7611,0.6963,0.7019,9368573,USD
2019-08-05,0.7019,0.8026,0.6628,0.791,9667012,USD
2019-08-06,0.791,0.8013,0.6908,0.7027,9262630,USD
2019-08-07,0.7028,0.7259,0.6815,0.691,9382571,USD
2019-08-08,0.691,0.774,0.6584,0.7278,9698691,USD
2019-08-09,0.7273,0.8333,0.7162,0.7933,5782171,USD
2019-08-10,0.7933,0.8611,0.7613,0.8104,3420952,USD
2019-08-11,0.8107,0.8765,0.8104,0.8258,2111118,USD
2019-08-12,0.8258,0.842,0.7701,0.8039,1606355,USD
2019-08-13,0.804,0.8433,0.7842,0.8102,1073541,USD
2019-08-14,0.8102,0.8484,0.7121,0.7187,1818065,USD
2019-08-15,0.7185,0.7746,0.6451,0.7084,2100275,USD
2019-08-16,0.7084,0.7288,0.6764,0.6773,1511960,USD
2019-08-17,0.6773,0.7148,0.6709,0.6841,859875,USD
2019-08-18,0.6841,0.6953,0.6649,0.6776,1266415,USD
2019-08-19,0.6776,0.6779,0.6496,0.6549,1242959,USD
2019-08-20,0.6549,0.6674,0.6033,0.6259,1466471,USD
2019-08-21,0.6259,0.6273,0.5601,0.568,1581260,USD
2019-08-22,0.5679,0.5911,0.5327,0.573,1487223,USD
2019-08-23,0.573,0.589,0.5475,0.5748,1553900,USD
2019-08-24,0.5747,0.5787,0.5432,0.5782,1223827,USD
2019-08-25,0.5784,0.5809,0.5304,0.5387,1057404,USD
2019-08-26,0.5387,0.5592,0.5206,0.5207,1363365,USD
2019-08-27,0.5206,0.5538,0.5096,0.5231,1380417,USD
2019-08-28,0.5231,0.535,0.4306,0.4392,1568010,USD
2019-08-29,0.4375,0.4462,0.3935,0.3998,1803799,USD
2019-08-30,0.3999,0.4253,0.3974,0.4168,1525190,USD
2019-08-31,0.4168,0.4322,0.3924,0.4083,1280931,USD
2019-09-01,0.4083,0.418,0.3793,0.3891,1325947,USD
2019-09-02,0.3891,0.394,0.3726,0.3935,1617154,USD
2019-09-03,0.3935,0.4047,0.3657,0.3684,1226677,USD
2019-09-04,0.3681,0.3819,0.3433,0.3466,1398363,USD
2019-09-05,0.3465,0.3944,0.3381,0.3894,1640644,USD
2019-09-06,0.3872,0.4185,0.3416,0.3458,1943752,USD
2019-09-07,0.3458,0.3872,0.3391,0.3689,1600472,USD
2019-09-08,0.3688,0.3854,0.3512,0.3853,1370188,USD
2019-09-09,0.3853,0.3892,0.3533,0.3686,1646317,USD
2019-09-10,0.3685,0.3941,0.3577,0.365,1401992,USD
2019-09-11,0.365,0.3924,0.3422,0.3487,1499920,USD
2019-09-12,0.3487,0.3503,0.3097,0.3191,1532270,USD
2019-09-13,0.319,0.3674,0.3024,0.3181,1376913,USD
2019-09-14,0.3181,0.3415,0.3019,0.3205,1277581,USD
2019-09-15,0.3206,0.3409,0.3063,0.3279,1489710,USD
2019-09-16,0.328,0.3397,0.3141,0.3219,1192233,USD
2019-09-17,0.3218,0.3389,0.3099,0.3193,1245056,USD
2019-09-18,0.3193,0.3598,0.3164,0.3404,1581022,USD
2019-09-19,0.3404,0.3426,0.3085,0.3218,1391215,USD
2019-09-20,0.3217,0.3295,0.3158,0.3208,1062053,USD
2019-09-21,0.3206,0.3252,0.3142,0.3155,883519,USD
2019-09-22,0.3155,0.322,0.2965,0.3,1281957,USD
2019-09-23,0.3,0.3009,0.2673,0.2675,1437102,USD
2019-09-24,0.2671,0.2948,0.1702,0.1923,1775602,USD
2019-09-25,0.1918,0.2397,0.1899,0.2043,2287770,USD
2019-09-26,0.2042,0.2068,0.1674,0.1896,2396981,USD
2019-09-27,0.1896,0.1973,0.1776,0.1892,1995702,USD
2019-09-28,0.1892,0.2078,0.1867,0.2038,1715081,USD
2019-09-29,0.2038,0.2423,0.198,0.2248,2320145,USD
2019-09-30,0.2247,0.2671,0.2136,0.2499,2158538,USD
2019-10-01,0.2498,0.2703,0.2275,0.2324,1958030,USD
2019-10-02,0.2319,0.2404,0.2184,0.2325,1636347,USD
2019-10-03,0.2325,0.2403,0.2223,0.2303,1416865,USD
2019-10-04,0.2303,0.2357,0.2224,0.2279,1338755,USD
2019-10-05,0.2279,0.2324,0.221,0.2246,390201,USD
2019-10-06,0.2246,0.2255,0.2122,0.2122,17947,USD
2019-10-07,0.2122,0.2236,0.206,0.2181,1084165,USD
2019-10-08,0.2181,0.2332,0.2112,0.2268,1354418,USD
2019-10-09,0.2264,0.2437,0.2195,0.2389,1861337,USD
2019-10-10,0.2388,0.2683,0.2296,0.254,1948041,USD
2019-10-11,0.2538,0.2749,0.2519,0.2528,1780450,USD
2019-10-12,0.2527,0.2624,0.2384,0.2576,1640168,USD
2019-10-13,0.2574,0.2677,0.2416,0.2509,1777541,USD
2019-10-14,0.2509,0.2673,0.247,0.2672,1744227,USD
2019-10-15,0.2672,0.2733,0.245,0.248,1390958,USD
2019-10-16,0.2479,0.2504,0.2234,0.2284,1297516,USD
2019-10-17,0.2284,0.2397,0.2276,0.2367,1331846,USD
2019-10-18,0.2367,0.2554,0.2139,0.2255,1375473,USD
2019-10-19,0.2256,0.2293,0.2211,0.2237,1244743,USD
2019-10-20,0.2237,0.2263,0.2103,0.2242,1275018,USD
2019-10-21,0.2242,0.2317,0.2206,0.2267,1312415,USD
2019-10-22,0.2266,0.2304,0.2181,0.2187,1278752,USD
2019-10-23,0.2187,0.2187,0.1961,0.2002,1172688,USD
2019-10-24,0.2002,0.2062,0.1987,0.2012,1030508,USD
2019-10-25,0.2011,0.2195,0.1963,0.2129,1367327,USD
2019-10-26,0.2129,0.2501,0.21,0.2155,2146547,USD
2019-10-27,0.2154,0.2497,0.208,0.2177,1678108,USD
2019-10-28,0.2177,0.2397,0.2177,0.2303,2272452,USD
2019-10-29,0.2304,0.2347,0.2218,0.2263,1629597,USD
2019-10-30,0.2263,0.2266,0.2074,0.2109,1533512,USD
2019-10-31,0.211,0.223,0.2076,0.2224,1547526,USD
2019-11-01,0.2223,0.2735,0.2152,0.2606,1902381,USD
2019-11-02,0.2606,0.2822,0.2498,0.2583,2234879,USD
2019-11-03,0.2586,0.2706,0.2309,0.2635,1920625,USD
2019-11-04,0.2637,0.2713,0.2523,0.2568,1821301,USD
2019-11-05,0.2568,0.2972,0.2469,0.2835,2048637,USD
2019-11-06,0.2836,0.3452,0.25,0.2841,1993456,USD
2019-11-07,0.2841,0.2845,0.265,0.2707,1415495,USD
2019-11-08,0.2707,0.281,0.2462,0.2555,1687914,USD
2019-11-09,0.2555,0.2624,0.2519,0.2621,1244536,USD
2019-11-10,0.2621,0.2735,0.2554,0.2681,1360843,USD
2019-11-11,0.268,0.2898,0.2566,0.2824,1680033,USD
2019-11-12,0.2824,0.287,0.2655,0.2728,1482953,USD
2019-11-13,0.2729,0.3177,0.2671,0.2869,1420817,USD
2019-11-14,0.2869,0.2961,0.271,0.2766,1417064,USD
2019-11-15,0.2772,0.2852,0.2612,0.2647,1191672,USD
2019-11-16,0.2647,0.2725,0.2605,0.2722,1145183,USD
2019-11-17,0.2721,0.2784,0.2611,0.2668,1208045,USD
2019-11-18,0.2668,0.2696,0.2452,0.2487,1231054,USD
2019-11-19,0.2487,0.2517,0.2307,0.244,1411455,USD
2019-11-20,0.244,0.2545,0.2365,0.2524,2058482,USD
2019-11-21,0.2533,0.2636,0.2308,0.2467,2751348,USD
2019-11-22,0.2471,0.2551,0.2043,0.2175,2927050,USD
2019-11-23,0.2175,0.2287,0.207,0.2267,2764395,USD
2019-11-24,0.2267,0.2475,0.201,0.2015,2933017,USD
2019-11-25,0.2015,0.2128,0.1847,0.2026,3138713,USD
2019-11-26,0.2026,0.2461,0.2019,0.2173,4010946,USD
2019-11-27,0.2173,0.2356,0.2085,0.2243,2519137,USD
2019-11-28,0.2243,0.3128,0.2196,0.2859,3627822,USD
2019-11-29,0.2858,0.321,0.2707,0.2749,2135321,USD
2019-11-30,0.2749,0.2915,0.243,0.2653,2600798,USD
2019-12-01,0.2653,0.2711,0.2334,0.2641,2851618,USD
2019-12-02,0.2647,0.2884,0.2424,0.2737,3794338,USD
2019-12-03,0.2737,0.2961,0.2717,0.2879,2873326,USD
2019-12-04,0.2878,0.2944,0.2657,0.2677,3077663,USD
2019-12-05,0.2677,0.2772,0.2544,0.2644,2631047,USD
2019-12-06,0.2644,0.2763,0.2176,0.2677,5403104,USD
2019-12-07,0.2677,0.2772,0.2485,0.275,9019384,USD
2019-12-08,0.275,0.3165,0.249,0.2924,17710756,USD
2019-12-09,0.2924,0.336,0.2894,0.2957,12584783,USD
2019-12-10,0.2957,0.3101,0.2656,0.2752,14028473,USD
2019-12-11,0.2757,0.294,0.2747,0.2866,8441271,USD
2019-12-12,0.2867,0.2894,0.2681,0.2767,12658268,USD
2019-12-13,0.2767,0.2856,0.2633,0.2721,12666505,USD
2019-12-14,0.2721,0.2853,0.2511,0.2523,8906574,USD
2019-12-15,0.2523,0.2794,0.2507,0.2664,10735510,USD
2019-12-16,0.2664,0.2776,0.2424,0.2464,6980634,USD
2019-12-17,0.2464,0.2502,0.223,0.2252,3187206,USD
2019-12-18,0.2254,0.264,0.2205,0.2476,2495938,USD
2019-12-19,0.2476,0.2534,0.2273,0.2294,1593741,USD
2019-12-20,0.2294,0.2654,0.2212,0.2388,3404238,USD
2019-12-21,0.24,0.268,0.23,0.2396,2380667,USD
2019-12-22,0.2396,0.2537,0.2376,0.2473,4630117,USD
2019-12-23,0.2473,0.2522,0.236,0.2403,2528301,USD
2019-12-24,0.2403,0.2409,0.2307,0.2308,2082218,USD
2019-12-25,0.2308,0.2404,0.2247,0.2271,1591754,USD
2019-12-26,0.2271,0.2498,0.2262,0.2394,1726201,USD
2019-12-27,0.2394,0.241,0.2212,0.2304,1670582,USD
2019-12-28,0.2304,0.2368,0.2282,0.2328,1458430,USD
2019-12-29,0.2328,0.2548,0.2279,0.2314,1705358,USD
2019-12-30,0.2314,0.2359,0.2229,0.2249,953421,USD
2019-12-31,0.2251,0.2293,0.2162,0.2169,1331409,USD
2020-01-01,0.2169,0.2269,0.2159,0.2198,1329789,USD
2020-01-02,0.2198,0.2327,0.2109,0.2138,809683,USD
2020-01-03,0.2138,0.2296,0.2138,0.2273,2584828,USD
2020-01-04,0.2273,0.2533,0.2251,0.2347,1749538,USD
2020-01-05,0.2348,0.238,0.2283,0.2292,1764933,USD
2020-01-06,0.2292,0.2478,0.2288,0.2418,2436434,USD
2020-01-07,0.2418,0.243,0.2284,0.2307,2514312,USD
2020-01-08,0.2305,0.2355,0.2237,0.2284,1760892,USD
2020-01-09,0.2284,0.2331,0.2211,0.222,1099234,USD
2020-01-10,0.222,0.2324,0.2199,0.2263,1043965,USD
2020-01-11,0.2261,0.2322,0.22,0.2263,1227001,USD
2020-01-12,0.226,0.2308,0.2249,0.2279,1338113,USD
2020-01-13,0.2279,0.2326,0.2243,0.2272,1188117,USD
2020-01-14,0.2272,0.2351,0.2243,0.2302,6162960,USD
2020-01-15,0.2305,0.2999,0.2259,0.2469,6288801,USD
2020-01-16,0.2469,0.2735,0.2326,0.2412,3020960,USD
2020-01-17,0.2412,0.2701,0.2405,0.2616,5893103,USD
2020-01-18,0.2616,0.2724,0.2476,0.2592,4685341,USD
2020-01-19,0.2592,0.2613,0.2336,0.2395,3302987,USD
2020-01-20,0.2395,0.2463,0.2318,0.237,1540108,USD
2020-01-21,0.237,0.2558,0.2361,0.2487,1811251,USD
2020-01-22,0.2487,0.2507,0.2437,0.2464,1147022,USD
2020-01-23,0.2464,0.2514,0.2338,0.2355,1253602,USD
2020-01-24,0.2355,0.2417,0.2303,0.2317,1511642,USD
2020-01-25,0.2317,0.2368,0.2295,0.2342,680053,USD
2020-01-26,0.2342,0.2379,0.2334,0.2373,764861,USD
2020-01-27,0.2373,0.2424,0.2346,0.24,1632762,USD
2020-01-28,0.24,0.2455,0.2389,0.2431,1938993,USD
2020-01-29,0.2437,0.2441,0.2385,0.24,1861083,USD
2020-01-30,0.24,0.2446,0.2372,0.2418,3086584,USD
2020-01-31,0.2418,0.31,0.2201,0.247,8007775,USD
2020-02-01,0.247,0.2758,0.2437,0.2479,3406852,USD
2020-02-02,0.2479,0.2644,0.2425,0.2528,5665526,USD
2020-02-03,0.2528,0.2647,0.2482,0.2632,6041572,USD
2020-02-04,0.2632,0.2963,0.2591,0.2805,10904545,USD
2020-02-05,0.2805,0.3105,0.2658,0.2751,7367329,USD
2020-02-06,0.2751,0.2954,0.2693,0.2881,6570666,USD
2020-02-07,0.2881,0.3222,0.2524,0.3127,9992725,USD
2020-02-08,0.3127,0.3441,0.2932,0.3076,8239339,USD
2020-02-09,0.3076,0.3469,0.3016,0.3417,11424700,USD
2020-02-10,0.3408,0.3741,0.3091,0.3616,12713351,USD
2020-02-11,0.3616,0.3799,0.3112,0.3686,10124953,USD
2020-02-12,0.3686,0.4126,0.3623,0.3872,9475102,USD
2020-02-13,0.3872,0.4075,0.3435,0.3495,11106045,USD
2020-02-14,0.3496,0.3844,0.3425,0.3655,7758258,USD
2020-02-15,0.3655,0.4356,0.2946,0.3346,8779558,USD
2020-02-16,0.3346,0.3502,0.2879,0.346,10187394,USD
2020-02-17,0.3455,0.3455,0.2916,0.3298,12202307,USD
2020-02-18,0.3298,0.3543,0.2927,0.3486,7614586,USD
2020-02-19,0.3486,0.3936,0.3029,0.3476,15944226,USD
2020-02-20,0.3465,0.4482,0.3211,0.4349,37300024,USD
2020-02-21,0.4349,0.48,0.4106,0.4176,34887872,USD
2020-02-22,0.4176,0.4678,0.4112,0.4504,24695272,USD
2020-02-23,0.4504,0.4662,0.4271,0.4588,14962826,USD
2020-02-24,0.4588,0.5019,0.4304,0.4948,31087416,USD
2020-02-25,0.4948,0.4958,0.3778,0.3933,27653134,USD
2020-02-26,0.3937,0.409,0.3395,0.3703,26565988,USD
2020-02-27,0.3644,0.3914,0.3397,0.3761,21364168,USD
2020-02-28,0.3761,0.386,0.3376,0.3486,20320014,USD
2020-02-29,0.3486,0.3698,0.3263,0.3319,14464440,USD
2020-03-01,0.3319,0.3611,0.3137,0.32,13068185,USD
2020-03-02,0.3182,0.3894,0.3137,0.3739,21456602,USD
2020-03-03,0.3739,0.3869,0.3477,0.3687,19576832,USD
2020-03-04,0.3687,0.4095,0.366,0.3922,24036872,USD
2020-03-05,0.3922,0.4093,0.3757,0.3786,15859210,USD
2020-03-06,0.3786,0.3859,0.3627,0.373,12159686,USD
2020-03-07,0.3735,0.3826,0.3418,0.3425,10982709,USD
2020-03-08,0.3425,0.3425,0.2895,0.2904,14963686,USD
2020-03-09,0.2902,0.3016,0.2525,0.2791,25152128,USD
2020-03-10,0.2791,0.2981,0.2725,0.2819,21368636,USD
2020-03-11,0.2819,0.2885,0.2524,0.2704,13556240,USD
2020-03-12,0.2705,0.2947,0.1306,0.1349,38006328,USD
2020-03-13,0.1347,0.1768,0.1022,0.1521,47600688,USD
2020-03-14,0.1519,0.169,0.1441,0.1477,15646677,USD
2020-03-15,0.1477,0.1607,0.1429,0.1475,17511824,USD
2020-03-16,0.1475,0.1573,0.1161,0.1265,18422720,USD
2020-03-17,0.1265,0.1581,0.124,0.1392,14281750,USD
2020-03-18,0.1392,0.1586,0.1275,0.1407,13389479,USD
2020-03-19,0.1407,0.1698,0.1391,0.1576,26972488,USD
2020-03-20,0.1577,0.1855,0.1469,0.1579,35962796,USD
2020-03-21,0.1579,0.1649,0.1451,0.1531,12945752,USD
2020-03-22,0.1531,0.1672,0.1442,0.1453,20689916,USD
2020-03-23,0.1452,0.1623,0.142,0.1593,13220634,USD
2020-03-24,0.1597,0.1635,0.1532,0.1565,13823466,USD
2020-03-25,0.1565,0.1615,0.1504,0.1538,7376054,USD
2020-03-26,0.1538,0.1596,0.1506,0.1588,6291818,USD
2020-03-27,0.1588,0.1699,0.1527,0.154,14692923,USD
2020-03-28,0.1536,0.1558,0.1432,0.1498,7106292,USD
2020-03-29,0.1498,0.1586,0.143,0.1442,4297765,USD
2020-03-30,0.1442,0.1563,0.1435,0.1546,5683516,USD
2020-03-31,0.1543,0.1574,0.1515,0.1539,3260298,USD
2020-04-01,0.1539,0.1577,0.1471,0.1548,3302001,USD
2020-04-02,0.1548,0.1638,0.1525,0.1581,5568086,USD
2020-04-03,0.1581,0.1619,0.1548,0.1586,5193862,USD
2020-04-04,0.1586,0.1789,0.1583,0.1775,14977052,USD
2020-04-05,0.1775,0.1839,0.1676,0.172,13739535,USD
2020-04-06,0.172,0.1879,0.169,0.1874,13061119,USD
2020-04-07,0.1877,0.1985,0.1801,0.1853,13380439,USD
2020-04-08,0.1853,0.2059,0.1829,0.2038,10222218,USD
2020-04-09,0.2038,0.2319,0.1955,0.2006,13318629,USD
2020-04-10,0.2006,0.2153,0.1707,0.1789,16468374,USD
2020-04-11,0.1789,0.2157,0.1742,0.1797,7643988,USD
2020-04-12,0.1797,0.2047,0.1746,0.1778,8606247,USD
2020-04-13,0.1778,0.1778,0.1686,0.1758,10385821,USD
2020-04-14,0.1756,0.1855,0.1708,0.1782,7346533,USD
2020-04-15,0.1782,0.19,0.1673,0.1691,9108508,USD
2020-04-16,0.1691,0.1888,0.1649,0.1852,13353019,USD
2020-04-17,0.1852,0.1982,0.1832,0.1878,9781659,USD
2020-04-18,0.1878,0.2137,0.1878,0.1985,7956830,USD
2020-04-19,0.1988,0.2082,0.1859,0.1877,9190597,USD
2020-04-20,0.1877,0.1939,0.1737,0.1765,12750169,USD
2020-04-21,0.1765,0.2053,0.1745,0.1792,6619714,USD
2020-04-22,0.1792,0.2008,0.1785,0.187,5534888,USD
2020-04-23,0.187,0.2111,0.1823,0.1949,9671873,USD
2020-04-24,0.1949,0.2321,0.1933,0.2089,16310424,USD
2020-04-25,0.2089,0.2323,0.1995,0.2108,12987609,USD
2020-04-26,0.2108,0.3198,0.2108,0.2254,16897334,USD
2020-04-27,0.2254,0.2396,0.2077,0.2168,10888438,USD
2020-04-28,0.2168,0.2691,0.2087,0.2158,6611818,USD
2020-04-29,0.2158,0.2677,0.2147,0.2288,13341575,USD
2020-04-30,0.2288,0.2359,0.2015,0.2095,21434258,USD
2020-05-01,0.2095,0.3062,0.2079,0.2137,7705714,USD
2020-05-02,0.2137,0.2217,0.2115,0.2187,6533390,USD
2020-05-03,0.2187,0.2736,0.2016,0.2055,19230182,USD
2020-05-04,0.2055,0.234,0.1897,0.2053,14116628,USD
2020-05-05,0.2053,0.2486,0.2024,0.2082,12510312,USD
2020-05-06,0.2082,0.2125,0.1981,0.1981,7661258,USD
2020-05-07,0.1981,0.2074,0.1968,0.2036,9053699,USD
2020-05-08,0.2036,0.2394,0.1968,0.2179,9577636,USD
2020-05-09,0.2179,0.2987,0.2094,0.2126,7011755,USD
2020-05-10,0.2126,0.2126,0.1811,0.1916,10416630,USD
2020-05-11,0.1916,0.2035,0.1796,0.1869,6531835,USD
2020-05-12,0.1867,0.2026,0.1859,0.1954,4095505,USD
2020-05-13,0.1954,0.2027,0.1894,0.1954,3704816,USD
2020-05-14,0.1954,0.2089,0.1936,0.1971,6972369,USD
2020-05-15,0.1971,0.2087,0.1905,0.1905,5430298,USD
2020-05-16,0.1905,0.2001,0.1905,0.1979,4144292,USD
2020-05-17,0.1979,0.203,0.1937,0.1988,5121908,USD
2020-05-18,0.1988,0.2029,0.198,0.2013,4658983,USD
2020-05-19,0.2012,0.2015,0.1969,0.1994,3996209,USD
2020-05-20,0.1994,0.2142,0.1988,0.207,9970081,USD
2020-05-21,0.207,0.2091,0.1853,0.193,10742002,USD
2020-05-22,0.193,0.2084,0.1883,0.2064,11126150,USD
2020-05-23,0.2064,0.2121,0.201,0.2026,6596794,USD
2020-05-24,0.2026,0.2105,0.1981,0.1986,9011371,USD
2020-05-25,0.1986,0.2107,0.1948,0.2102,7627702,USD
2020-05-26,0.2102,0.2263,0.2062,0.2183,16059638,USD
2020-05-27,0.2183,0.2531,0.2132,0.2201,11508828,USD
2020-05-28,0.2201,0.2276,0.2132,0.2267,7179517,USD
2020-05-29,0.2267,0.2587,0.2074,0.2283,13180084,USD
2020-05-30,0.2283,0.244,0.2251,0.2436,12036320,USD
2020-05-31,0.2436,0.2686,0.2281,0.2336,26041734,USD
2020-06-01,0.2336,0.2794,0.2319,0.2494,18738422,USD
2020-06-02,0.2494,0.2632,0.2355,0.2458,10403954,USD
2020-06-03,0.2458,0.2851,0.2376,0.242,6155142,USD
2020-06-04,0.242,0.2582,0.2103,0.242,7166599,USD
2020-06-05,0.242,0.2424,0.2224,0.2318,6217562,USD
2020-06-06,0.2318,0.2388,0.2293,0.2375,4364035,USD
2020-06-07,0.2375,0.2375,0.2248,0.2316,4234104,USD
2020-06-08,0.2316,0.2357,0.2292,0.2324,3355420,USD
2020-06-09,0.2324,0.2451,0.2299,0.2421,5402384,USD
2020-06-10,0.2421,0.2497,0.2363,0.2471,6165400,USD
2020-06-11,0.2471,0.25,0.227,0.2311,5963002,USD
2020-06-12,0.2311,0.2327,0.2271,0.2319,1439632,USD
2020-06-13,0.2319,0.236,0.2288,0.2344,881227,USD
2020-06-14,0.2344,0.249,0.2298,0.2334,1976480,USD
2020-06-15,0.2332,0.2362,0.2123,0.227,2991754,USD
2020-06-16,0.227,0.2402,0.2259,0.2355,1684816,USD
2020-06-17,0.2355,0.2472,0.2302,0.2445,2260484,USD
2020-06-18,0.2445,0.2517,0.2384,0.2408,2097805,USD
2020-06-19,0.2408,0.2438,0.2313,0.2316,1342542,USD
2020-06-20,0.2316,0.2379,0.2265,0.2309,1056754,USD
2020-06-21,0.2309,0.2417,0.2309,0.2323,772221,USD
2020-06-22,0.2323,0.241,0.2323,0.241,1101379,USD
2020-06-23,0.241,0.2508,0.2359,0.2497,2121684,USD
2020-06-24,0.2497,0.2559,0.2314,0.2389,3312316,USD
2020-06-25,0.2389,0.2398,0.2252,0.2345,1823833,USD
2020-06-26,0.2345,0.2393,0.221,0.2225,2758490,USD
2020-06-27,0.2225,0.2252,0.1981,0.2052,2349397,USD
2020-06-28,0.2052,0.212,0.1991,0.2076,1702925,USD
2020-06-29,0.2076,0.2148,0.2044,0.2141,1513453,USD
2020-06-30,0.2141,0.2143,0.2076,0.2085,709181,USD
2020-07-01,0.2085,0.2176,0.2059,0.2141,813382,USD
2020-07-02,0.2141,0.2225,0.2025,0.2055,1325625,USD
2020-07-03,0.2055,0.2079,0.2026,0.2036,685038,USD
2020-07-04,0.2036,0.2176,0.2022,0.2175,951546,USD
2020-07-05,0.2175,0.2192,0.2103,0.2127,1089584,USD
2020-07-06,0.2127,0.2297,0.2127,0.229,2246335,USD
2020-07-07,0.229,0.2359,0.2248,0.2328,1824553,USD
2020-07-08,0.2328,0.2471,0.2328,0.2471,3097899,USD
2020-07-09,0.2471,0.2509,0.2385,0.2413,3241737,USD
2020-07-10,0.2413,0.2501,0.2378,0.2501,2714731,USD
2020-07-11,0.2501,0.2806,0.2501,0.2794,10016599,USD
2020-07-12,0.2794,0.2802,0.2732,0.2796,3811378,USD
2020-07-13,0.2794,0.2794,0.2652,0.2652,5594175,USD
2020-07-14,0.2652,0.2737,0.2576,0.2724,4144021,USD
2020-07-15,0.2724,0.2887,0.2631,0.2887,6002704,USD
2020-07-16,0.2887,0.3578,0.2705,0.3543,17420654,USD
2020-07-17,0.3543,0.3543,0.3357,0.3465,11111185,USD
2020-07-18,0.3465,0.356,0.3398,0.356,4057743,USD
2020-07-19,0.3561,0.3893,0.3427,0.3893,5165426,USD
2020-07-20,0.389,0.389,0.351,0.358,6894840,USD
2020-07-21,0.3571,0.3571,0.3459,0.3459,5674777,USD
2020-07-22,0.3459,0.3535,0.3443,0.3457,3122060,USD
2020-07-23,0.3457,0.3461,0.3291,0.3291,3599527,USD
2020-07-24,0.3288,0.3288,0.3118,0.3118,2501578,USD
2020-07-25,0.3118,0.3314,0.3118,0.3194,2792120,USD
2020-07-26,0.3194,0.3239,0.3117,0.3208,2993930,USD
2020-07-27,0.3208,0.3208,0.2854,0.2875,6609618,USD
2020-07-28,0.2875,0.314,0.2875,0.314,3815739,USD
2020-07-29,0.314,0.3196,0.3079,0.3079,3222988,USD
2020-07-30,0.3206,0.3425,0.3206,0.3348,5045529,USD
2020-07-31,0.3342,0.3342,0.3219,0.3271,2324165,USD
2020-08-01,0.3271,0.3294,0.3262,0.3283,1820054,USD
2020-08-02,0.3282,0.3284,0.2947,0.3016,2946571,USD
2020-08-03,0.3016,0.3186,0.3016,0.3095,1921043,USD
2020-08-04,0.3095,0.3268,0.3095,0.3268,2001003,USD
2020-08-05,0.3268,0.3385,0.3224,0.3355,4356322,USD
2020-08-06,0.3355,0.3659,0.3355,0.3639,5215675,USD
2020-08-07,0.3639,0.3701,0.359,0.3694,3961552,USD
2020-08-08,0.3694,0.4523,0.3694,0.4523,7539339,USD
2020-08-09,0.452,0.452,0.4244,0.4244,7800169,USD
2020-08-10,0.4244,0.4691,0.4244,0.4683,7207978,USD
2020-08-11,0.468,0.468,0.4297,0.4338,8423953,USD
2020-08-12,0.4338,0.5236,0.4216,0.5236,12012793,USD
2020-08-13,0.5236,0.6799,0.5043,0.6691,22918364,USD
2020-08-14,0.6691,0.6997,0.6379,0.6379,19254656,USD
2020-08-15,0.6379,0.6807,0.6131,0.6351,12154495,USD
2020-08-16,0.6351,0.6351,0.6247,0.6292,7133502,USD
2020-08-17,0.6288,0.6612,0.5872,0.5872,9529307,USD
2020-08-18,0.5872,0.5933,0.5564,0.5564,9275300,USD
2020-08-19,0.5564,0.5974,0.5162,0.5964,17075194,USD
2020-08-20,0.5964,0.6488,0.5964,0.6266,13405214,USD
2020-08-21,0.6266,0.6266,0.5307,0.5307,13279627,USD
2020-08-22,0.5307,0.5648,0.5307,0.5648,11450960,USD
2020-08-23,0.5648,0.6128,0.5648,0.6128,11802793,USD
2020-08-24,0.6128,0.6383,0.6128,0.6308,11099123,USD
2020-08-25,0.6308,0.6308,0.561,0.561,10435208,USD
2020-08-26,0.561,0.5615,0.5502,0.5502,7077234,USD
2020-08-27,0.5502,0.5502,0.5212,0.5215,6236232,USD
2020-08-28,0.5215,0.5364,0.5169,0.5335,6797155,USD
2020-08-29,0.5335,0.5432,0.5318,0.5339,8622380,USD
2020-08-30,0.5336,0.5488,0.5181,0.5181,5610403,USD
2020-08-31,0.5181,0.5245,0.5026,0.5026,5624870,USD
2020-09-01,0.5031,0.5373,0.5031,0.5176,8866000,USD
2020-09-02,0.5176,0.5176,0.4527,0.4631,7853178,USD
2020-09-03,0.4631,0.4652,0.3465,0.3465,7179791,USD
2020-09-04,0.3465,0.375,0.3465,0.375,8986343,USD
2020-09-05,0.375,0.3851,0.3399,0.3399,5772581,USD
2020-09-06,0.3399,0.3753,0.3393,0.3753,5671492,USD
2020-09-07,0.3753,0.3753,0.3326,0.3711,5319416,USD
2020-09-08,0.3711,0.3711,0.3453,0.3489,4249975,USD
2020-09-09,0.349,0.4261,0.345,0.4131,7158812,USD
2020-09-10,0.4131,0.4296,0.4078,0.4143,6858259,USD
2020-09-11,0.4143,0.4143,0.393,0.4111,5638239,USD
2020-09-12,0.4111,0.4111,0.4,0.4089,5569150,USD
2020-09-13,0.4089,0.4108,0.3758,0.3758,5159462,USD
2020-09-14,0.3758,0.3818,0.3717,0.3818,4535035,USD
2020-09-15,0.3818,0.3852,0.3539,0.3539,5265498,USD
2020-09-16,0.3539,0.3596,0.3441,0.3596,4106925,USD
2020-09-17,0.3596,0.3652,0.3563,0.3575,4117374,USD
2020-09-18,0.3575,0.3575,0.3368,0.3368,4462989,USD
2020-09-19,0.3368,0.3424,0.3331,0.3424,3113125,USD
2020-09-20,0.3419,0.3491,0.317,0.3266,3793328,USD
2020-09-21,0.3266,0.3266,0.2882,0.2882,5334723,USD
2020-09-22,0.2882,0.3061,0.2839,0.3061,3405480,USD
2020-09-23,0.3061,0.3076,0.2687,0.2687,3527184,USD
2020-09-24,0.2693,0.2939,0.2691,0.2939,3445196,USD
2020-09-25,0.2939,0.3191,0.2939,0.3173,4641835,USD
2020-09-26,0.3173,0.3252,0.3173,0.3252,3833376,USD
2020-09-27,0.3252,0.3252,0.3117,0.3203,3078939,USD
2020-09-28,0.3203,0.345,0.3202,0.3272,4528360,USD
2020-09-29,0.3272,0.3366,0.3272,0.3366,2677439,USD
2020-09-30,0.3366,0.345,0.3276,0.345,1735343,USD
2020-10-01,0.345,0.3715,0.3333,0.3333,1837442,USD
2020-10-02,0.3333,0.3333,0.3019,0.3159,2516360,USD
2020-10-03,0.3159,0.3234,0.3151,0.3151,1230207,USD
2020-10-04,0.3151,0.3161,0.3121,0.3121,1230118,USD
2020-10-05,0.3121,0.3181,0.3103,0.3181,1173386,USD
2020-10-06,0.3181,0.3181,0.2861,0.2861,2210799,USD
2020-10-07,0.2861,0.3072,0.2861,0.3072,2579874,USD
2020-10-08,0.3072,0.3095,0.2999,0.3081,1954035,USD
2020-10-09,0.3081,0.3288,0.3046,0.3286,1920293,USD
2020-10-10,0.3284,0.3284,0.3235,0.3263,1750238,USD
2020-10-11,0.3263,0.3315,0.3194,0.3315,1795550,USD
2020-10-12,0.3315,0.351,0.3311,0.3445,2889355,USD
2020-10-13,0.3445,0.3524,0.3396,0.3427,1815143,USD
2020-10-14,0.3427,0.3427,0.3276,0.3276,1875625,USD
2020-10-15,0.3276,0.3276,0.3147,0.3147,1845130,USD
2020-10-16,0.3147,0.3147,0.2997,0.2997,1611274,USD
2020-10-17,0.2997,0.3137,0.2997,0.3136,1072217,USD
2020-10-18,0.3136,0.3155,0.3112,0.3155,674087,USD
2020-10-19,0.3155,0.3155,0.3033,0.3033,1232811,USD
2020-10-20,0.3034,0.3034,0.2857,0.2868,1408957,USD
2020-10-21,0.2868,0.3095,0.2868,0.3012,1551658,USD
2020-10-22,0.3012,0.3184,0.3012,0.3162,1427798,USD
2020-10-23,0.3162,0.3162,0.309,0.309,1024169,USD
2020-10-24,0.309,0.3099,0.3078,0.3078,974628,USD
2020-10-25,0.3078,0.3078,0.3023,0.3023,773436,USD
2020-10-26,0.3023,0.3033,0.2905,0.2905,1275483,USD
2020-10-27,0.2905,0.2906,0.2876,0.2876,1011702,USD
2020-10-28,0.288,0.2892,0.2768,0.2768,1632207,USD
2020-10-29,0.2768,0.2768,0.2567,0.2567,1419750,USD
2020-10-30,0.2567,0.2567,0.2485,0.254,2175115,USD
2020-10-31,0.254,0.2572,0.2487,0.2487,790908,USD
2020-11-01,0.2487,0.2574,0.2453,0.2574,455247,USD
2020-11-02,0.2574,0.2585,0.247,0.247,784388,USD
2020-11-03,0.247,0.247,0.232,0.2336,1140462,USD
2020-11-04,0.2336,0.2387,0.2289,0.2387,1064477,USD
2020-11-05,0.2387,0.2524,0.2365,0.248,1481446,USD
2020-11-06,0.248,0.2764,0.248,0.2764,1026109,USD
2020-11-07,0.2764,0.2925,0.2583,0.2583,1877155,USD
2020-11-08,0.2583,0.2663,0.2583,0.2663,835742,USD
2020-11-09,0.2663,0.2698,0.2608,0.2608,836347,USD
2020-11-10,0.2608,0.2888,0.2608,0.2888,1244242,USD
2020-11-11,0.2888,0.2888,0.2785,0.2785,959115,USD
2020-11-12,0.2785,0.2785,0.2708,0.2708,839304,USD
2020-11-15,0.2695,0.2695,0.2562,0.2571,945565,USD
2020-11-16,0.2571,0.2705,0.2571,0.2705,1171602,USD
2020-11-17,0.2705,0.2754,0.2705,0.2739,1211142,USD
2020-11-18,0.2739,0.2739,0.2649,0.2671,2593068,USD
2020-11-19,0.2671,0.2671,0.2568,0.2654,1194911,USD
2020-11-20,0.2654,0.2844,0.2654,0.2844,1452367,USD
2020-11-21,0.2844,0.3154,0.2844,0.3151,2696285,USD
2020-11-22,0.3151,0.3151,0.2876,0.2979,2552287,USD
2020-11-23,0.2979,0.3364,0.2979,0.3364,2752372,USD
2020-11-24,0.3631,0.3631,0.335,0.3586,3777704,USD
2020-11-25,0.3586,0.3883,0.3586,0.3876,3549743,USD
2020-11-26,0.3876,0.3876,0.2888,0.3038,2786916,USD
2020-11-27,0.3038,0.3038,0.292,0.2992,1928971,USD
2020-11-28,0.2992,0.3155,0.2992,0.314,1755100,USD
2020-11-29,0.314,0.3183,0.314,0.3168,1328822,USD
2020-11-30,0.3169,0.3287,0.3169,0.3287,2147843,USD
2020-12-01,0.3287,0.3402,0.32,0.32,2066296,USD
2020-12-02,0.32,0.3416,0.32,0.3416,2379488,USD
2020-12-03,0.3416,0.3476,0.3416,0.3416,1018638,USD
2020-12-04,0.3416,0.3598,0.3257,0.3257,1609490,USD
2020-12-05,0.3257,0.3441,0.3257,0.3441,1167414,USD
2020-12-06,0.3441,0.3441,0.3339,0.3361,1803851,USD
2020-12-07,0.3361,0.3364,0.3297,0.3297,943870,USD
2020-12-08,0.3297,0.3297,0.3013,0.3013,2075267,USD
2020-12-09,0.3013,0.3055,0.2966,0.3055,1302421,USD
2020-12-10,0.3055,0.3055,0.2939,0.2939,855361,USD
2020-12-11,0.2939,0.2939,0.2822,0.2892,681633,USD
2020-12-12,0.2892,0.3097,0.2892,0.3093,1305939,USD
2020-12-13,0.3091,0.3122,0.3084,0.3092,1083538,USD
2020-12-14,0.3095,0.3127,0.306,0.3127,820089,USD
2020-12-15,0.3127,0.3322,0.3127,0.3249,1186283,USD
2020-12-16,0.3249,0.3399,0.3249,0.3399,1395440,USD
2020-12-17,0.3402,0.3433,0.3339,0.3339,2231179,USD
2020-12-18,0.3339,0.3546,0.3214,0.3546,2059083,USD
2020-12-19,0.3546,0.3659,0.3546,0.3561,2038615,USD
2020-12-20,0.3561,0.3561,0.3399,0.3399,1874311,USD
2020-12-21,0.3399,0.3602,0.325,0.325,1554722,USD
2020-12-22,0.325,0.3361,0.325,0.336,1999665,USD
2020-12-23,0.336,0.3406,0.2901,0.2901,1886901,USD
2020-12-24,0.2901,0.313,0.2873,0.313,1558098,USD
2020-12-25,0.313,0.3231,0.3084,0.3084,1919190,USD
2020-12-26,0.3084,0.3189,0.3084,0.3091,1164458,USD
2020-12-27,0.3091,0.3285,0.3084,0.3189,1347820,USD
2020-12-28,0.3189,0.3559,0.3189,0.3559,1004740,USD
2020-12-29,0.3559,0.3559,0.3453,0.3459,1902991,USD
2020-12-30,0.3459,0.3459,0.3299,0.3353,1315472,USD
2020-12-31,0.3353,0.3353,0.3238,0.3352,1097006,USD
2021-01-01,0.3356,0.4053,0.3356,0.398,5494357,USD
2021-01-02,0.398,0.4353,0.398,0.4072,7112364,USD
2021-01-03,0.4072,0.4243,0.4053,0.4243,3009466,USD
2021-01-04,0.4246,0.4446,0.3795,0.4446,2339245,USD
2021-01-05,0.4446,0.4816,0.4195,0.4816,5486629,USD
2021-01-06,0.4816,0.5115,0.478,0.5115,3429939,USD
2021-01-10,0.5107,0.5107,0.4601,0.4601,1663845,USD
2021-01-11,0.4601,0.4601,0.3987,0.4154,1420101,USD
2021-01-12,0.4154,0.4154,0.3983,0.3983,1608927,USD
2021-01-13,0.3983,0.4335,0.3924,0.4335,721105,USD
2021-01-14,0.4335,0.4561,0.4335,0.4559,3770047,USD
2021-01-15,0.4558,0.496,0.4558,0.4864,4806934,USD
2021-01-16,0.4864,0.5381,0.4864,0.5185,3982008,USD
2021-01-17,0.5181,0.587,0.4938,0.587,2857064,USD
2021-01-18,0.5869,0.5869,0.5498,0.5668,3190727,USD
2021-01-19,0.5668,0.5668,0.5225,0.5225,2090581,USD
2021-01-20,0.5225,0.5481,0.5109,0.5481,1231105,USD
2021-01-21,0.5473,0.5473,0.4612,0.4612,3552320,USD
2021-01-22,0.4608,0.5129,0.4542,0.5089,1709452,USD
2021-01-23,0.509,0.5561,0.509,0.5561,1210991,USD
2021-01-24,0.5561,0.5739,0.5561,0.5614,905956,USD
2021-01-25,0.5614,0.6244,0.556,0.556,1409119,USD
2021-01-26,0.5558,0.6018,0.5544,0.6018,1036175,USD
2021-01-27,0.6002,0.6002,0.5397,0.5397,1327537,USD
2021-01-28,0.5397,0.5591,0.5397,0.5591,833486,USD
2021-01-29,0.5591,0.6374,0.5591,0.6374,2473067,USD
2021-01-30,0.6374,0.6687,0.6277,0.6641,1646362,USD
2021-01-31,0.6641,0.6641,0.65,0.6509,1087725,USD
2021-02-01,0.6509,0.6509,0.635,0.6441,719319,USD
2021-02-02,0.6441,0.6712,0.6441,0.6502,476412,USD
2021-02-03,0.6502,0.7416,0.6502,0.7416,524430,USD
2021-02-04,0.7416,0.7416,0.6857,0.7055,933524,USD
2021-02-05,0.7055,0.8309,0.7055,0.8309,1075515,USD
2021-02-06,0.8309,0.8309,0.7663,0.8077,983594,USD
2021-02-07,0.8085,0.8344,0.8044,0.8061,1105393,USD
2021-02-08,0.8061,0.9703,0.8061,0.9703,1552780,USD
2021-02-09,0.9703,0.9724,0.9189,0.9724,901719,USD
2021-02-10,0.9724,1.0327,0.9724,1.0309,1257537,USD
2021-02-11,1.0309,1.2288,1.0309,1.2288,623087,USD
2021-02-12,1.2288,1.6831,1.2288,1.6831,10038,USD
2021-02-13,1.6831,1.7565,1.5684,1.66,2715,USD
2021-02-14,1.66,1.66,1.4903,1.4903,783,USD
2021-02-15,1.4903,1.4903,1.4202,1.4202,82,USD
2021-02-16,1.4202,1.4202,1.2813,1.2813,15022,USD
2021-02-17,1.25,1.25,1.1474,1.2176,153006,USD
2021-02-18,1.2176,1.3698,1.2176,1.3321,1070741,USD
2021-02-19,1.3321,1.3343,1.283,1.283,757276,USD
2021-02-20,1.283,1.283,1.2199,1.2199,662390,USD
2021-02-21,1.2199,1.2756,1.2199,1.2199,225352,USD
2021-02-22,1.2199,1.2199,1.1301,1.1414,1706774,USD
2021-02-23,1.1414,1.1414,0.9185,1.0095,3816911,USD
2021-02-24,1.0095,1.1391,1.0086,1.062,1113924,USD
2021-02-25,1.062,1.0871,0.9814,0.9814,1094650,USD
2021-02-26,0.9814,0.9814,0.9494,0.9734,2106508,USD
2021-02-27,0.9718,1.0976,0.9718,1.0976,1292012,USD
2021-02-28,1.0978,1.0978,1.0243,1.0243,2692675,USD
2021-03-01,1.0254,1.0932,1.0254,1.0932,1207122,USD
2021-03-02,1.0932,1.0963,1.0577,1.0829,2224688,USD
2021-03-03,1.0837,1.1807,1.0837,1.1807,1659007,USD
2021-03-04,1.1792,1.1792,1.0888,1.0888,1845961,USD
2021-03-05,1.0894,1.0894,1.0241,1.0525,1138170,USD
2021-03-06,1.0523,1.0639,1.032,1.0538,923156,USD
2021-03-07,1.0511,1.1154,1.0511,1.1058,565408,USD
2021-03-08,1.1066,1.1561,1.0792,1.1561,501337,USD
2021-03-09,1.1561,1.1803,1.1392,1.1803,348716,USD
2021-03-10,1.1804,1.1804,1.1095,1.1095,425725,USD
2021-03-11,1.1095,1.1095,1.0844,1.0844,293282,USD
2021-03-12,1.0844,1.0844,1.0507,1.0507,527124,USD
2021-03-13,1.0514,1.14,1.0514,1.14,369257,USD
2021-03-14,1.14,1.1626,1.1148,1.1226,355680,USD
2021-03-15,1.1177,1.252,1.1177,1.19,906061,USD
2021-03-16,1.1907,1.2017,1.1424,1.2017,421621,USD
2021-03-17,1.2017,1.2881,1.1813,1.2881,277680,USD
2021-03-18,1.2881,1.3164,1.2494,1.2589,247693,USD
2021-03-19,1.2589,1.3003,1.2507,1.2507,99477,USD
2021-03-20,1.2507,1.2776,1.212,1.212,105676,USD
2021-03-21,1.212,1.212,1.1741,1.1791,94622,USD
2021-03-22,1.1792,1.1986,1.1029,1.1029,146605,USD
2021-03-23,1.103,1.1298,1.0823,1.1099,192304,USD
2021-03-24,1.1099,1.137,0.9968,1.0316,225691,USD
2021-03-25,1.0316,1.0616,1.0251,1.0438,200376,USD
2021-03-26,1.0438,1.117,1.0438,1.117,85145,USD
2021-03-27,1.117,1.1594,1.117,1.1594,107395,USD
2021-03-28,1.1594,1.2607,1.1594,1.235,101740,USD
2021-03-29,1.235,1.4026,1.235,1.4026,120419,USD
2021-03-30,1.4018,1.4131,1.3085,1.3237,94695,USD
2021-03-31,1.3237,1.3649,1.2952,1.3649,136670,USD
2021-04-01,1.3649,1.3649,1.3208,1.3208,94442,USD
2021-04-02,1.3212,1.3563,1.3207,1.3563,56837,USD
2021-04-03,1.3563,1.4456,1.2608,1.2608,207251,USD
2021-04-04,1.2622,1.3185,1.2622,1.3081,98397,USD
2021-04-05,1.3093,1.4025,1.2928,1.4025,96663,USD
2021-04-06,1.4032,1.4032,1.3814,1.3996,139316,USD
2021-04-07,1.3996,1.4406,1.3018,1.3018,317375,USD
2021-04-08,1.3018,1.3509,1.3018,1.3509,105967,USD
2021-04-09,1.3509,1.3938,1.338,1.3934,84529,USD
2021-04-10,1.3934,1.4383,1.3777,1.388,79045,USD
2021-04-11,1.3869,1.5213,1.3869,1.5213,87316,USD
2021-04-12,1.5213,1.5213,1.4842,1.4842,152760,USD
2021-04-13,1.4842,1.5183,1.4842,1.5142,104161,USD
2021-04-14,1.5143,1.5143,1.4484,1.4591,127256,USD
2021-04-15,1.4591,1.5669,1.458,1.5669,116607,USD
2021-04-16,1.5662,1.5662,1.5044,1.5044,151201,USD
2021-04-17,1.5044,1.6957,1.5044,1.6957,289537,USD
2021-04-18,1.7036,1.7036,1.4529,1.4541,1611601,USD
2021-04-19,1.4562,1.494,1.2903,1.2903,237863,USD
2021-04-20,1.2901,1.3297,1.2714,1.29,515276,USD
2021-04-21,1.29,1.3125,1.21,1.21,251004,USD
2021-04-22,1.21,1.2976,1.1594,1.1594,342010,USD
2021-04-23,1.1582,1.167,1.1153,1.167,1683194,USD
2021-04-24,1.167,1.167,1.0899,1.0899,218294,USD
2021-04-25,1.0899,1.1629,1.0899,1.095,418298,USD
2021-04-26,1.095,1.236,1.095,1.236,174794,USD
2021-04-27,1.236,1.308,1.236,1.308,136926,USD
2021-04-28,1.308,1.308,1.2577,1.2872,150784,USD
2021-04-29,1.2872,1.3232,1.2769,1.3232,138439,USD
2021-04-30,1.324,1.4179,1.3162,1.3992,109133,USD
2021-05-01,1.3992,1.4012,1.3923,1.3952,73523,USD
2021-05-02,1.3952,1.3952,1.3596,1.3862,85951,USD
2021-05-03,1.387,1.4562,1.387,1.435,59831,USD
2021-05-04,1.435,1.435,1.2798,1.2798,189153,USD
2021-05-05,1.2746,1.4403,1.2746,1.4403,116626,USD
2021-05-06,1.4403,1.5407,1.4403,1.5407,164847,USD
2021-05-07,1.5407,1.592,1.4762,1.575,181115,USD
2021-05-08,1.575,1.575,1.5176,1.5176,98976,USD
2021-05-09,1.5182,1.5182,1.4828,1.5146,125099,USD
2021-05-10,1.5158,1.5158,1.3683,1.3683,322151,USD
2021-05-11,1.3683,1.4807,1.3683,1.4807,157991,USD
2021-05-12,1.4807,1.4816,1.2806,1.2806,258650,USD
2021-05-13,1.281,1.3903,1.281,1.3523,543101,USD
2021-05-14,1.3523,1.4755,1.3523,1.4755,101172,USD
2021-05-15,1.4775,1.4775,1.3841,1.3878,198835,USD
2021-05-16,1.388,1.5095,1.388,1.3985,169010,USD
2021-05-17,1.3985,1.3985,1.2856,1.2882,227546,USD
2021-05-18,1.2882,1.3719,1.2882,1.3678,120143,USD
2021-05-19,1.3683,1.3863,0.9346,0.9346,6978966,USD
2021-05-20,0.9344,1.1125,0.9344,1.1125,1798638,USD
2021-05-21,1.1125,1.1159,0.9601,0.9767,839570,USD
2021-05-22,0.9764,0.9778,0.9614,0.9778,305114,USD
2021-05-23,0.9778,1.0137,0.823,0.823,1428515,USD
2021-05-24,0.823,0.9845,0.823,0.9845,317312,USD
2021-05-25,0.9845,0.9845,0.944,0.9812,336902,USD
2021-05-26,0.9812,1.0281,0.9812,1.0281,185115,USD
2021-05-27,1.0281,1.0281,0.9709,0.9709,188075,USD
2021-05-28,0.9709,0.9709,0.86,0.9027,358975,USD
2021-05-29,0.9033,0.9033,0.8344,0.8344,213893,USD
2021-05-30,0.8344,0.859,0.8344,0.8541,122588,USD
2021-05-31,0.8519,0.9411,0.8358,0.9411,129578,USD
2021-06-01,0.9393,0.9443,0.8987,0.8987,85972,USD
2021-06-02,0.8987,1.0221,0.8987,1.0221,192970,USD
2021-06-03,1.0221,1.1445,1.0221,1.1142,113616,USD
2021-06-04,1.1142,1.1142,1.0233,1.0311,132606,USD
2021-06-05,1.0311,1.054,0.9787,0.9787,106326,USD
2021-06-06,0.9787,1.0277,0.9787,1.0277,54728,USD
2021-06-07,1.0286,1.0462,0.9667,0.9667,86907,USD
2021-06-08,0.9661,0.9661,0.9109,0.9443,152068,USD
2021-06-09,0.9443,1.0443,0.9443,1.0443,321467,USD
2021-06-10,1.0439,1.0524,0.9892,1.0524,152557,USD
2021-06-11,1.0537,1.0765,0.9766,0.9766,129924,USD
2021-06-12,0.9783,0.9932,0.9259,0.9932,152358,USD
2021-06-13,0.9932,1.0453,0.9932,1.0453,88275,USD
2021-06-14,1.0457,1.0591,1.0443,1.0591,66465,USD
2021-06-15,1.0591,1.0591,1.0345,1.0345,63897,USD
2021-06-16,1.0354,1.0392,1.0103,1.0211,62291,USD
2021-06-17,1.0211,1.0742,1.0211,1.0692,44815,USD
2021-06-18,1.0695,1.0695,0.9917,0.9917,74601,USD
2021-06-19,0.9917,0.9917,0.9393,0.9393,61330,USD
2021-06-20,0.9376,0.9376,0.9142,0.9371,69603,USD
2021-06-21,0.9371,0.9371,0.7567,0.7567,193840,USD
2021-06-22,0.7532,0.7532,0.7048,0.7417,767197,USD
2021-06-23,0.7425,0.832,0.7425,0.832,265736,USD
2021-06-24,0.832,0.8736,0.832,0.8736,102292,USD
2021-06-25,0.8744,0.8744,0.7918,0.7918,143152,USD
2021-06-26,0.7918,0.8105,0.7885,0.8105,160381,USD
2021-06-27,0.8105,0.8337,0.7902,0.8337,131807,USD
2021-06-28,0.8337,0.8426,0.8337,0.8426,61189,USD
2021-06-29,0.8438,0.8874,0.8438,0.8874,72645,USD
2021-06-30,0.8878,0.8878,0.8725,0.88,79889,USD
2021-07-01,0.88,0.88,0.8341,0.8341,66803,USD
2021-07-02,0.8321,0.8431,0.8112,0.8431,56955,USD
2021-07-03,0.8436,0.8727,0.8436,0.8727,43912,USD
2021-07-04,0.8965,0.9004,0.88,0.88,36600,USD
2021-07-05,0.88,0.88,0.8454,0.8718,53653,USD
2021-07-06,0.8718,0.9306,0.8718,0.911,56307,USD
2021-07-07,0.9127,0.9407,0.9033,0.9065,43302,USD
2021-07-08,0.9065,0.9072,0.8475,0.8681,66289,USD
2021-07-09,0.8669,0.9337,0.8281,0.9068,93527,USD
2021-07-10,0.9068,0.9234,0.8673,0.8926,44575,USD
2021-07-11,0.8926,0.9184,0.8849,0.8926,28943,USD
2021-07-12,0.8944,0.9045,0.8509,0.8717,58574,USD
2021-07-13,0.8692,0.8983,0.8499,0.8752,41387,USD
2021-07-14,0.8752,0.8817,0.8225,0.8598,60982,USD
2021-07-15,0.8598,0.8808,0.8214,0.8346,50471,USD
2021-07-16,0.8346,0.8518,0.7756,0.7853,76971,USD
2021-07-17,0.7853,0.8058,0.7734,0.7823,73387,USD
2021-07-18,0.7823,0.8118,0.7737,0.7976,57906,USD
2021-07-19,0.7976,0.8068,0.7473,0.7479,75291,USD
2021-07-20,0.7479,0.7653,0.6766,0.6952,235123,USD
2021-07-21,0.6952,0.7819,0.6825,0.7681,112554,USD
2021-07-22,0.7691,0.7995,0.7542,0.7961,168813,USD
2021-07-23,0.7961,0.8154,0.7709,0.8072,79277,USD
2021-07-24,0.8072,0.8446,0.8035,0.8446,84956,USD
2021-07-25,0.8071,0.9063,0.7979,0.8903,115562,USD
2021-07-26,0.8903,0.9302,0.8401,0.8471,152044,USD
2021-07-27,0.8474,0.8708,0.8169,0.8547,79667,USD
2021-07-28,0.8547,0.8714,0.8285,0.844,61201,USD
2021-07-29,0.8461,0.8555,0.8247,0.8468,58332,USD
2021-07-30,0.8468,0.8556,0.8093,0.853,67561,USD
2021-07-31,0.853,0.8581,0.8227,0.8368,68933,USD
2021-08-01,0.8398,0.8398,0.803,0.8115,89285,USD
2021-08-02,0.8115,0.8395,0.8013,0.8173,56401,USD
2021-08-03,0.8174,0.8367,0.7909,0.8171,47096,USD
2021-08-04,0.8171,0.8407,0.8029,0.8272,50252,USD
2021-08-05,0.8272,0.8585,0.8101,0.8499,69742,USD
2021-08-06,0.8499,0.8686,0.823,0.8543,57488,USD
2021-08-07,0.8546,0.8943,0.8443,0.8766,140986,USD
2021-08-08,0.8766,0.8857,0.8182,0.8263,73302,USD
2021-08-09,0.8263,0.8709,0.8066,0.8578,61438,USD
2021-08-10,0.8578,0.9101,0.8402,0.8847,73338,USD
2021-08-11,0.8847,0.9714,0.8798,0.9135,122826,USD
2021-08-12,0.9135,0.9655,0.8563,0.8851,198915,USD
2021-08-13,0.8851,0.9576,0.8732,0.9561,106568,USD
2021-08-14,0.9561,0.9799,0.9143,0.9365,98475,USD
2021-08-15,0.9365,1.0249,0.9279,0.9956,117746,USD
2021-08-16,0.9956,1.0277,0.9384,0.9459,137284,USD
2021-08-17,0.9459,0.9946,0.882,0.8858,100121,USD
2021-08-18,0.8854,0.9653,0.8492,0.9258,88578,USD
2021-08-19,0.9258,1.0743,0.9145,1.0463,170218,USD
2021-08-20,1.0463,1.1499,1.0419,1.142,115276,USD
2021-08-21,1.142,1.1482,0.0,1.1482,175991,USD
2021-08-22,1.1479,1.2428,1.1207,1.1575,85446,USD
2021-08-23,1.1575,1.1884,1.1123,1.1562,53649,USD
2021-08-24,1.1562,1.1628,1.0176,1.0406,109400,USD
2021-08-25,1.0406,1.0802,1.0007,1.065,52442,USD
2021-08-26,1.0646,1.0747,0.9703,0.9887,67873,USD
2021-08-27,0.9887,1.0635,0.9601,1.0635,58466,USD
2021-08-28,1.0635,1.0747,1.0219,1.0366,47356,USD
2021-08-29,1.0366,1.0635,0.9996,1.0201,49316,USD
2021-08-30,1.0201,1.0927,0.9784,1.0199,57699,USD
2021-08-31,1.0199,1.167,1.0019,1.1092,120309,USD
2021-09-01,1.1114,1.1806,1.08,1.1626,97734,USD
2021-09-02,1.163,1.1779,1.1231,1.1453,57213,USD
2021-09-03,1.1453,1.2683,1.1091,1.2192,156786,USD
2021-09-04,1.2192,1.239,1.189,1.2058,61605,USD
2021-09-05,1.2058,1.3491,1.1817,1.3142,78913,USD
2021-09-06,1.3142,1.3469,1.2933,1.3393,95630,USD
